t,demand
0,143
1,136.1
2,125.8
3,120.7
4,106.7
5,100.1
6,89.9
7,85.2
8,91.2
9,99.6
10,111
11,121.2
12,124.5
13,121.9
14,111.6
15,108.4
16,108.9
17,109.4
18,142.3
19,152.8
20,146.6
21,134.7
22,119.9
23,107.8
24,99.8
25,94.9
26,91.7
27,89
28,86.4
29,84.4
30,82.5
31,91.2
32,111.6
33,122.8
34,128.9
35,136
36,137.8
37,143
38,147.4
39,147.8
40,145.5
41,145.1
42,176
43,194
44,180
45,162.9
46,137.6
47,110.7
48,98.7
49,93
50,89.2
51,85.8
52,84.9
53,86.4
54,83.6
55,96.4
56,113.8
57,125.6
58,132.1
59,142.7
60,142.6
61,149.6
62,149.3
63,151.1
64,149.8
65,147.3
66,183.8
67,193.1
68,174.5
69,159.5
70,133.1
71,110.3
72,99.2
73,93.2
74,87.6
75,85.7
76,85.6
77,88.7
78,86.7
79,103.3
80,129
81,143.7
82,150.1
83,158.7
84,155.3
85,156.1
86,155.7
87,155.6
88,156.4
89,151.4
90,179.1
91,199.8
92,183.3
93,170.3
94,145.4
95,122.5
96,110.2
97,107.8
98,104.8
99,102.9
100,101.4
101,97.9
102,93.1
103,101.7
104,114.6
105,127.4
106,130.9
107,146
108,150.8
109,153.3
110,165.7
111,168.3
112,162.3
113,162.4
114,191.1
115,192.9
116,177.8
117,169
118,145.6
119,123.9
120,111.3
121,104.3
122,99.9
123,96.9
124,95.9
125,94.8
126,94.4
127,107.5
128,117.9
129,124.9
130,130.2
131,139.6
132,145.9
133,146.2
134,147.8
135,147.4
136,148.9
137,150.3
138,188.2
139,201.5
140,191.8
141,163.8
142,142.5
143,127.3
144,114.5
145,106.3
146,98.9
147,93.1
148,90.6
149,88.3
150,84.5
151,98.5
152,110.5
153,117.1
154,118.4
155,122.7
156,124.3
157,119.8
158,119.4
159,116.6
160,78
161,120.7
162,153.4
163,172
164,165.5
165,153.6
166,134.4
167,114.7
168,99.3
169,92.6
170,89.6
171,87.1
172,84.7
173,84.6
174,81
175,88.6
176,98.8
177,110.1
178,121.1
179,128.3
180,135.3
181,135.5
182,131.2
183,128.5
184,129.8
185,129.5
186,165.1
187,183.3
188,177.8
189,162.7
190,136.2
191,115.9
192,100.3
193,94.2
194,90.2
195,89
196,89.2
197,85.7
198,82.3
199,96.8
200,110.6
201,118.5
202,133.4
203,148.7
204,150.5
205,136.3
206,129.4
207,128
208,128.8
209,132.4
210,167.6
211,187.5
212,177.5
213,158.2
214,129.8
215,109.3
216,95.5
217,88.5
218,86.7
219,85.4
220,86.6
221,87.8
222,86.5
223,99.3
224,117.7
225,123.8
226,127.3
227,132.2
228,129.9
229,137.3
230,138.2
231,140.3
232,138.2
233,133.6
234,168.4
235,186.6
236,178.8
237,164
238,138.2
239,113.7
240,99.8
241,94.7
242,91.7
243,89.1
244,88.7
245,88.8
246,88.7
247,101
248,120.5
249,130.8
250,134.1
251,139.1
252,138.7
253,139.3
254,144.7
255,146.6
256,145.2
257,143.8
258,175.7
259,192.6
260,182.3
261,168.3
262,142.2
263,118.3
264,100
265,92.9
266,90.1
267,87.5
268,86.5
269,85.4
270,83.1
271,101.3
272,118.1
273,128.1
274,134.2
275,139.9
276,139.9
277,143.2
278,149.4
279,143
280,136.4
281,136.2
282,162.8
283,182.2
284,174.9
285,156.7
286,134.8
287,112
288,98.1
289,91.3
290,85.8
291,81.9
292,81.2
293,78.7
294,75.7
295,92.4
296,103.4
297,108.4
298,120.7
299,124.8
300,128.4
301,127.6
302,126.5
303,126.6
304,129.1
305,131.4
306,165.3
307,189.8
308,181.6
309,159.6
310,142.8
311,121.6
312,106
313,93.4
314,62.6
315,77.6
316,76.5
317,74
318,70.1
319,75.6
320,85.1
321,93.7
322,113
323,127.7
324,130.5
325,124
326,122.2
327,119.7
328,118
329,121.7
330,159.9
331,172.7
332,160.2
333,141.6
334,119
335,101.5
336,91.7
337,86.4
338,84.1
339,82.9
340,81.1
341,83.7
342,80.8
343,95.3
344,122.2
345,125.4
346,128.6
347,126.2
348,121
349,119.1
350,126.5
351,135.6
352,134.2
353,143.7
354,178.9
355,186.2
356,172
357,147.8
358,128
359,106.5
360,91.9
361,86.5
362,82.7
363,81
364,80.9
365,81.4
366,83.3
367,100.6
368,115.4
369,115.9
370,124.1
371,124.3
372,122.7
373,119.6
374,123.6
375,124.3
376,118.5
377,117.5
378,134.6
379,186
380,168.9
381,147.4
382,129.8
383,109.4
384,92.3
385,86.6
386,83.7
387,80.7
388,82.3
389,82.3
390,82.1
391,98.2
392,110.8
393,121.3
394,124.4
395,139.5
396,141.7
397,141.1
398,135.8
399,137.9
400,137.3
401,135.1
402,165.7
403,186.5
404,177.6
405,160.2
406,134.2
407,108.7
408,92.9
409,89
410,85.3
411,82.1
412,83
413,83.7
414,87
415,100.8
416,118.6
417,128.2
418,131
419,132.2
420,137.2
421,142.3
422,147.9
423,147.5
424,145.9
425,150.3
426,178.5
427,193.7
428,180.1
429,160
430,137.1
431,113.4
432,97.3
433,89.3
434,88.7
435,86.9
436,85.1
437,86.6
438,90.9
439,109.1
440,114.8
441,127.5
442,128.7
443,134
444,136.2
445,139.8
446,135.5
447,142.2
448,141.3
449,141.9
450,171.5
451,185.4
452,172.4
453,155.9
454,137.2
455,114
456,95.3
457,87.3
458,82.8
459,80.9
460,80.7
461,81.7
462,83.2
463,96.8
464,107.7
465,118.9
466,120.1
467,125
468,129.4
469,131.2
470,134.9
471,139.3
472,135.2
473,133.1
474,168.2
475,195.8
476,184
477,164.3
478,111.6
479,30.6
480,41.7
481,50.3
482,89.6
483,84.1
484,81.4
485,79.7
486,77.5
487,90.2
488,100
489,106.8
490,110.2
491,112.8
492,105.9
493,106.6
494,106.9
495,109.6
496,112.6
497,116.9
498,151
499,172
500,164.3
501,144.9
502,121.9
503,102.7
504,91.2
505,84.7
506,81.7
507,79.9
508,80.9
509,85.4
510,91.3
511,104.2
512,114.4
513,122.9
514,132.6
515,138.7
516,141
517,139.9
518,135.5
519,135.5
520,138.7
521,137.4
522,170
523,186.5
524,170.3
525,146.6
526,123.7
527,103.7
528,91
529,85.9
530,83.3
531,83.3
532,82.9
533,87.8
534,96.8
535,109.5
536,116.3
537,124.3
538,133.5
539,142.8
540,142.5
541,139.9
542,144
543,142.9
544,144.8
545,142.7
546,176
547,196.2
548,176.2
549,149.2
550,126.3
551,105.5
552,93.4
553,89
554,86.2
555,83.2
556,82.9
557,86.4
558,95.3
559,103.6
560,110.2
561,120.1
562,128.6
563,136.9
564,137.5
565,137.1
566,146.9
567,151.8
568,150.7
569,151.8
570,180.2
571,192.6
572,185.3
573,162.8
574,140.5
575,116.6
576,102.8
577,97.4
578,95.4
579,96.4
580,96.1
581,99.7
582,102.2
583,114.7
584,124.8
585,133.5
586,140.4
587,148.2
588,151.2
589,156
590,143.3
591,135.7
592,134
593,145.5
594,176.2
595,189.6
596,174.6
597,149.6
598,124.3
599,102.8
600,88.9
601,84.4
602,80.6
603,80.3
604,81.4
605,87.1
606,90.8
607,103
608,120.5
609,126.3
610,131
611,138.6
612,149.2
613,146.4
614,141.7
615,139.1
616,142.7
617,146.5
618,184.4
619,200.7
620,189.1
621,172
622,149.3
623,122.8
624,107.7
625,102.2
626,94.8
627,90.4
628,88.6
629,89.3
630,86.5
631,105.2
632,114.6
633,124.6
634,131
635,127.4
636,126.9
637,126.5
638,132.1
639,133.2
640,132.8
641,128.7
642,161.2
643,184.2
644,181.3
645,168.1
646,142.7
647,122.2
648,109.3
649,103
650,97.1
651,91.4
652,90.3
653,88.3
654,84.8
655,97.4
656,107.5
657,117.7
658,124.8
659,93.2
660,122.5
661,126.2
662,131.8
663,131.3
664,135.2
665,131.7
666,159.4
667,187.7
668,186.9
669,161
670,131
671,109.4
672,96
673,90.7
674,89.2
675,88.1
676,86.9
677,91.8
678,95.7
679,101.6
680,118
681,121.8
682,128.7
683,145.9
684,141.6
685,133.5
686,133
687,138.2
688,136
689,136.4
690,166.6
691,181.6
692,176.6
693,160.3
694,135.7
695,109.1
696,96
697,91.7
698,89.7
699,88
700,87.8
701,93.8
702,102.9
703,103.4
704,116.5
705,122.9
706,139.7
707,145.8
708,147.7
709,140.3
710,141.8
711,141.8
712,139.4
713,152.2
714,190.2
715,208.5
716,190.9
717,167.4
718,145.8
719,121.9
720,106.9
721,101.3
722,97.8
723,96.5
724,96.4
725,101.9
726,104.9
727,116.7
728,128.4
729,133.8
730,140.8
731,144.3
732,104.4
733,138.4
734,149.1
735,144.8
736,150.1
737,155.3
738,188.8
739,207.9
740,166.8
741,180.1
742,158.4
743,129.7
744,114.7
745,105.6
746,103
747,101
748,99.7
749,103.9
750,106.9
751,123
752,128.2
753,139.8
754,138.6
755,139.8
756,138.4
757,137
758,132.7
759,130.1
760,132.4
761,135.1
762,172
763,197.9
764,189
765,172.2
766,146.3
767,121.2
768,106.3
769,100.2
770,96.2
771,92.6
772,94.4
773,95.7
774,98.9
775,121.7
776,129.8
777,135.2
778,140.5
779,147
780,132.8
781,129.3
782,129.2
783,135.3
784,137.1
785,142
786,182.7
787,200.4
788,190.4
789,177.4
790,157.8
791,128.2
792,112.6
793,105.9
794,99.7
795,95.8
796,93.9
797,94.9
798,92.5
799,102.3
800,110.2
801,121.4
802,138.5
803,138.7
804,133.8
805,125.5
806,130.6
807,136.5
808,138.8
809,139.5
810,167.9
811,199.5
812,188.8
813,167.5
814,146.9
815,126.9
816,114.1
817,106.6
818,100.5
819,96.1
820,94.8
821,92
822,87.8
823,107
824,116.2
825,128.4
826,131.1
827,136.4
828,140.8
829,140.8
830,142.1
831,136.2
832,132.4
833,136.8
834,170.7
835,190.1
836,187
837,167
838,141.6
839,116.3
840,105.1
841,100.7
842,97.5
843,95
844,95.3
845,97.5
846,108.2
847,125.4
848,128.8
849,136.5
850,139.8
851,143.2
852,139.3
853,142.3
854,147.4
855,148.6
856,150
857,151.3
858,184
859,196.9
860,182.8
861,162.5
862,140.4
863,118
864,105.4
865,97.7
866,94.4
867,92.5
868,94
869,98.6
870,107.2
871,125.5
872,138.6
873,138.7
874,139.6
875,146.6
876,148.1
877,143.7
878,144.7
879,146.2
880,141.5
881,144.1
882,174.9
883,196.6
884,190.3
885,174.7
886,147.7
887,117.9
888,104.9
889,98.5
890,95
891,93.6
892,93.1
893,98.6
894,106.8
895,115.5
896,128.8
897,130
898,131.8
899,140.2
900,140.9
901,142.9
902,146.4
903,143.7
904,142
905,148.7
906,184
907,199.3
908,194.8
909,185.7
910,162.8
911,129.6
912,113.6
913,107.5
914,104.2
915,102.7
916,100.4
917,104.8
918,112.9
919,119.7
920,126.3
921,133.7
922,144.7
923,158.8
924,161.3
925,155.8
926,158.8
927,161
928,157
929,151.6
930,185.6
931,209.3
932,194.9
933,175.2
934,151.9
935,127.4
936,109.8
937,106.8
938,104.8
939,101.8
940,100.8
941,105.1
942,104.5
943,119.2
944,131.6
945,132.2
946,144.1
947,148.4
948,156
949,154.8
950,150
951,154.4
952,150.9
953,150.1
954,183.5
955,214
956,203.2
957,178.2
958,154.9
959,133.1
960,119.5
961,110.1
962,106.3
963,103.5
964,102.5
965,103
966,99.8
967,117.8
968,130.8
969,139
970,149.5
971,156.4
972,110.7
973,127.7
974,133.9
975,136.8
976,130.2
977,133.6
978,165
979,186.9
980,179.9
981,164.9
982,144.1
983,126.4
984,114.1
985,105.2
986,97.4
987,94.1
988,93.5
989,93.1
990,90.7
991,102.1
992,108.5
993,118.7
994,125.8
995,129
996,130.3
997,126.6
998,128
999,128.7
1000,126.3
1001,134.1
1002,166
1003,187.4
1004,183.1
1005,162.3
1006,137.5
1007,111.2
1008,104.1
1009,100
1010,95.1
1011,93.9
1012,93.6
1013,98.1
1014,104.7
1015,107
1016,118.6
1017,123.1
1018,133.7
1019,146.8
1020,148
1021,155.4
1022,149.8
1023,146.4
1024,137.5
1025,142.4
1026,176.1
1027,201.1
1028,189.1
1029,175.9
1030,151.1
1031,123.9
1032,109.3
1033,104.4
1034,100.2
1035,97.4
1036,96.9
1037,103.6
1038,108.6
1039,117.3
1040,120.6
1041,120.5
1042,128.5
1043,132
1044,139.7
1045,138.1
1046,134
1047,132.6
1048,126.2
1049,134.6
1050,170
1051,180.6
1052,167.3
1053,150.2
1054,127.6
1055,104.2
1056,92.1
1057,87.6
1058,85.1
1059,85.9
1060,86.4
1061,92.3
1062,103.3
1063,106.3
1064,115.1
1065,124
1066,129.1
1067,130.2
1068,129.8
1069,135.5
1070,136.5
1071,136.6
1072,136.6
1073,141.1
1074,179.5
1075,195.6
1076,182.4
1077,155.8
1078,132.2
1079,114
1080,102.9
1081,98.3
1082,93.9
1083,91.7
1084,92
1085,97.7
1086,108.5
1087,119.1
1088,131.8
1089,136.9
1090,134.1
1091,135.6
1092,136
1093,127.4
1094,123
1095,120.4
1096,120.6
1097,126
1098,168
1099,184.9
1100,176.3
1101,159.5
1102,136.3
1103,110.1
1104,96.1
1105,92
1106,89.5
1107,88.2
1108,88.9
1109,94.8
1110,99.9
1111,107
1112,114.6
1113,123.8
1114,130.7
1115,141.8
1116,141.5
1117,137.3
1118,145
1119,148
1120,147
1121,142.3
1122,176.4
1123,190.9
1124,186.9
1125,172.3
1126,147
1127,122.5
1128,106.4
1129,101.1
1130,96.7
1131,94.9
1132,91.9
1133,94.1
1134,91.7
1135,103.4
1136,121.8
1137,130.9
1138,142.3
1139,143.8
1140,142.8
1141,138.6
1142,141.7
1143,144.9
1144,145.6
1145,144.1
1146,180
1147,203
1148,190.6
1149,172.8
1150,151.3
1151,133.2
1152,120.3
1153,111.9
1154,105
1155,101.2
1156,98.4
1157,97.5
1158,92.4
1159,101.5
1160,109.8
1161,117.7
1162,121.5
1163,122.7
1164,124.3
1165,122.3
1166,128.9
1167,125.8
1168,117.8
1169,120.2
1170,159.9
1171,184
1172,171.7
1173,150.7
1174,126.8
1175,109.5
1176,100.6
1177,95.8
1178,91.7
1179,91.8
1180,92.5
1181,98.7
1182,104.3
1183,112.3
1184,114.4
1185,121.7
1186,128.9
1187,133.7
1188,93.6
1189,137.9
1190,143.7
1191,141.7
1192,145.9
1193,149.2
1194,182.4
1195,195.5
1196,185.5
1197,171.4
1198,149.3
1199,119.4
1200,106.5
1201,101.9
1202,99.5
1203,96.8
1204,98.9
1205,104.3
1206,112.3
1207,118.9
1208,126.2
1209,132.6
1210,147
1211,150.7
1212,155.2
1213,155.1
1214,147.7
1215,149.4
1216,152.5
1217,151.7
1218,181.4
1219,192.4
1220,179.3
1221,156.2
1222,135.4
1223,113.5
1224,100.5
1225,95.4
1226,93.4
1227,90.6
1228,91.1
1229,94.9
1230,101.6
1231,107.9
1232,120.6
1233,134.3
1234,142.1
1235,146.3
1236,151.2
1237,157.8
1238,156.2
1239,156.2
1240,148.1
1241,153.8
1242,189.3
1243,206.2
1244,199.7
1245,185.5
1246,155.9
1247,130.9
1248,113
1249,106.1
1250,102.6
1251,100.8
1252,101.1
1253,106.3
1254,109.1
1255,112.7
1256,122.7
1257,133.5
1258,141.8
1259,152
1260,155.7
1261,158
1262,162.4
1263,150.5
1264,150.5
1265,147.5
1266,181.2
1267,193.6
1268,183
1269,166.5
1270,139.6
1271,114.6
1272,102.1
1273,97.3
1274,94
1275,92.8
1276,91.8
1277,99.2
1278,106
1279,114.8
1280,122.3
1281,130.5
1282,139.5
1283,148.5
1284,146.8
1285,146.8
1286,95.4
1287,136.3
1288,135.8
1289,142.7
1290,178.4
1291,189.8
1292,163.7
1293,140.5
1294,123.4
1295,104.7
1296,94.3
1297,90
1298,87.5
1299,86.4
1300,86.3
1301,87.7
1302,87.9
1303,105.2
1304,114.4
1305,121
1306,130
1307,134
1308,134.4
1309,139.1
1310,139.3
1311,138.4
1312,139.2
1313,139.6
1314,178.6
1315,202.9
1316,196.8
1317,182
1318,160.7
1319,139.6
1320,123.9
1321,113.4
1322,106.9
1323,105.6
1324,102.7
1325,100.3
1326,96.3
1327,103.1
1328,112.6
1329,123.6
1330,130.5
1331,135.1
1332,142.6
1333,145.2
1334,144
1335,146.1
1336,141.7
1337,145.1
1338,182.6
1339,200.8
1340,193.3
1341,159.3
1342,130.5
1343,113.2
1344,105.5
1345,101.8
1346,97.9
1347,71
1348,10.9
1349,0
1350,19.5
1351,79.3
1352,104
1353,104.7
1354,110.9
1355,125.8
1356,123.3
1357,115.6
1358,118.5
1359,123.8
1360,122.8
1361,128
1362,163.8
1363,183.9
1364,176.3
1365,153
1366,130.7
1367,107.2
1368,91.8
1369,87.6
1370,85.1
1371,82.8
1372,85
1373,88.1
1374,96.3
1375,106
1376,118.9
1377,134.9
1378,144.1
1379,155.2
1380,134.6
1381,124.6
1382,127.5
1383,155.9
1384,154.2
1385,149.1
1386,184.3
1387,201.4
1388,190.2
1389,169.2
1390,146.6
1391,119.6
1392,105.2
1393,100.9
1394,98.9
1395,96.8
1396,95.1
1397,100.8
1398,103.5
1399,114
1400,127.4
1401,139.2
1402,149.2
1403,154.3
1404,153.6
1405,154.6
1406,149.6
1407,126.9
1408,137.8
1409,149.8
1410,183.9
1411,197
1412,187.3
1413,172.3
1414,141.5
1415,113.7
1416,100.4
1417,96.2
1418,93.1
1419,91.3
1420,91.9
1421,95.3
1422,97.9
1423,109.9
1424,130.1
1425,136.4
1426,139.5
1427,152.4
1428,155.2
1429,162.4
1430,159.3
1431,155.5
1432,153
1433,153.7
1434,195.8
1435,200.6
1436,189
1437,172.8
1438,146.1
1439,122
1440,106.9
1441,73
1442,80.1
1443,79.4
1444,77.3
1445,78.1
1446,83.3
1447,103
1448,119.6
1449,125.4
1450,126.8
1451,133.5
1452,125.9
1453,132.3
1454,147.8
1455,146.1
1456,144.2
1457,144.7
1458,176.6
1459,197.4
1460,187.6
1461,175.1
1462,153.9
1463,130.1
1464,113.4
1465,108.7
1466,85.2
1467,52.9
1468,86.1
1469,85.8
1470,83.2
1471,94.1
1472,110.2
1473,132
1474,135.3
1475,132
1476,131.7
1477,135.5
1478,140.4
1479,141.6
1480,137.8
1481,142
1482,177.5
1483,200.5
1484,187.8
1485,165.7
1486,143.3
1487,123.2
1488,111
1489,107.1
1490,100.5
1491,95.7
1492,94.5
1493,92.9
1494,90.2
1495,102.8
1496,114
1497,120.3
1498,128.3
1499,137.9
1500,142.5
1501,139.3
1502,131.1
1503,130.5
1504,132.8
1505,129.1
1506,164.2
1507,183.4
1508,175.4
1509,157.4
1510,130.7
1511,115
1512,98.8
1513,96.3
1514,92.5
1515,90.8
1516,91.4
1517,96.3
1518,98.6
1519,112.5
1520,125.4
1521,136.8
1522,143.2
1523,153.1
1524,152.6
1525,157.6
1526,159.2
1527,161.1
1528,155.9
1529,159.6
1530,191.8
1531,207.4
1532,197.6
1533,178
1534,154.7
1535,127.6
1536,113.5
1537,104.9
1538,102.7
1539,99.9
1540,102.2
1541,109.3
1542,112.2
1543,125.3
1544,131.6
1545,137.7
1546,140.4
1547,145.9
1548,146.7
1549,146.5
1550,141
1551,143.1
1552,136.8
1553,138.9
1554,181.2
1555,194.1
1556,183.2
1557,166.2
1558,140.8
1559,117.9
1560,104.3
1561,99.2
1562,94.4
1563,92.8
1564,93.7
1565,101.8
1566,106.8
1567,111.5
1568,120.4
1569,134.1
1570,147
1571,158.7
1572,161.9
1573,165.5
1574,168.2
1575,154
1576,145.5
1577,156.4
1578,189.6
1579,198.1
1580,189.7
1581,174.4
1582,150.7
1583,122.7
1584,102.2
1585,101.4
1586,98
1587,95
1588,94.2
1589,98.8
1590,105.6
1591,122.9
1592,129.5
1593,134.2
1594,134.3
1595,141.7
1596,137.5
1597,138.7
1598,147.3
1599,150
1600,148.6
1601,148.9
1602,186.8
1603,208.8
1604,199.9
1605,183.2
1606,162.1
1607,134
1608,115
1609,100.6
1610,97.3
1611,94.6
1612,93.4
1613,98.1
1614,96.8
1615,110.3
1616,123
1617,138.4
1618,143.1
1619,147.2
1620,148.7
1621,157.1
1622,155
1623,151
1624,145.6
1625,143.3
1626,182.6
1627,198.6
1628,190.2
1629,182.2
1630,159.5
1631,132.1
1632,117.7
1633,111.5
1634,105.3
1635,101.6
1636,99.3
1637,102.4
1638,100.5
1639,118.5
1640,128.2
1641,127.6
1642,128.9
1643,128.8
1644,132.6
1645,134.6
1646,138.7
1647,139.8
1648,141
1649,141.7
1650,178.9
1651,198.8
1652,191.3
1653,182.2
1654,168.8
1655,149.4
1656,131
1657,121
1658,112.5
1659,105.5
1660,104.2
1661,104.5
1662,99
1663,112.8
1664,118
1665,126.7
1666,133.1
1667,138.5
1668,139.4
1669,146.1
1670,145.7
1671,138.2
1672,136.9
1673,139.7
1674,173.1
1675,192.5
1676,183.9
1677,170.4
1678,151.1
1679,121.5
1680,110.8
1681,105.3
1682,103.9
1683,100.9
1684,99.7
1685,101.5
1686,100.7
1687,117.6
1688,132
1689,149.2
1690,158.2
1691,168.9
1692,169.5
1693,162
1694,159.3
1695,162.6
1696,162.6
1697,162.3
1698,197.4
1699,214.2
1700,201.7
1701,184.1
1702,160.2
1703,133
1704,118.9
1705,112.2
1706,108.8
1707,105.9
1708,92.4
1709,106.1
1710,109.5
1711,114.4
1712,130.2
1713,144.9
1714,152.2
1715,156.8
1716,161.4
1717,160.8
1718,164.3
1719,165.5
1720,156.7
1721,163.5
1722,190.6
1723,201
1724,193.7
1725,171.1
1726,148.3
1727,126.5
1728,114.7
1729,108.3
1730,104.9
1731,104
1732,104.8
1733,107.3
1734,110.4
1735,96.8
1736,12.8
1737,13.8
1738,13.9
1739,28.8
1740,129.4
1741,164.9
1742,171.4
1743,173.8
1744,171.3
1745,168.4
1746,207.7
1747,126.5
1748,146.6
1749,174.5
1750,152
1751,127.4
1752,115.1
1753,110.7
1754,102.2
1755,103.2
1756,104
1757,108.8
1758,110.2
1759,120.3
1760,135.8
1761,146.8
1762,79.7
1763,0
1764,73.6
1765,189.9
1766,195.9
1767,187.2
1768,176.7
1769,176.8
1770,211.5
1771,218.7
1772,209
1773,193.1
1774,172.7
1775,141.7
1776,127
1777,35.3
1778,0
1779,104.2
1780,109.8
1781,111.4
1782,111.8
1783,121.7
1784,134.2
1785,151.8
1786,161.2
1787,165.2
1788,159.1
1789,166.8
1790,166.4
1791,162.7
1792,155.8
1793,163.2
1794,209.1
1795,213.9
1796,198
1797,178.7
1798,146.8
1799,125.8
1800,113.7
1801,109
1802,108.5
1803,106
1804,104.7
1805,104.9
1806,104.9
1807,118.4
1808,134.4
1809,141.6
1810,139.7
1811,143.4
1812,145.2
1813,150.3
1814,149.8
1815,146.6
1816,144
1817,143.8
1818,183.6
1819,199.2
1820,191.9
1821,171.8
1822,147.8
1823,127.8
1824,115.8
1825,107.4
1826,103
1827,99
1828,97.7
1829,97.3
1830,93.7
1831,105.8
1832,111.4
1833,120
1834,124.1
1835,133.8
1836,139.2
1837,139.1
1838,140.7
1839,139.1
1840,134.5
1841,140.3
1842,181.4
1843,198.3
1844,193.1
1845,174.1
1846,147.8
1847,129.6
1848,114.8
1849,99.3
1850,61.4
1851,13.8
1852,96.9
1853,93.6
1854,91.6
1855,109.5
1856,117.7
1857,127.9
1858,132
1859,141.8
1860,148.2
1861,147.3
1862,154.2
1863,139
1864,138.2
1865,142.5
1866,182.6
1867,199.2
1868,187.7
1869,164.6
1870,138.2
1871,121.1
1872,108.2
1873,72.9
1874,103
1875,99
1876,96.6
1877,102.1
1878,112.8
1879,119.2
1880,124.1
1881,126.1
1882,132.7
1883,143.6
1884,145.5
1885,152.4
1886,153.4
1887,147.2
1888,145.5
1889,161.6
1890,185.9
1891,184.1
1892,162
1893,141.7
1894,120.6
1895,106.6
1896,98.8
1897,36.9
1898,11.2
1899,88.8
1900,91.9
1901,96.8
1902,102.6
1903,110.9
1904,120.3
1905,126.5
1906,134
1907,141.9
1908,145.6
1909,146.1
1910,154.3
1911,157.3
1912,153.5
1913,141.3
1914,177.8
1915,188.4
1916,173.2
1917,154
1918,132.4
1919,110.8
1920,102.4
1921,98.5
1922,97.2
1923,95.7
1924,95.7
1925,102.4
1926,105.9
1927,111.5
1928,118.8
1929,125.3
1930,137.4
1931,144.8
1932,153.4
1933,157.6
1934,158.5
1935,158.9
1936,153.5
1937,157
1938,194.7
1939,207.9
1940,194.9
1941,175.6
1942,149.7
1943,123.1
1944,109.9
1945,104.1
1946,101.6
1947,98.3
1948,97.2
1949,102.2
1950,111.1
1951,126
1952,127.2
1953,124.9
1954,132.7
1955,137.9
1956,141.7
1957,142.2
1958,141.8
1959,150
1960,147.8
1961,148.9
1962,184.8
1963,196.4
1964,191
1965,177.8
1966,148.3
1967,124.4
1968,112.2
1969,105.4
1970,101.1
1971,98.6
1972,98.7
1973,99.7
1974,96.1
1975,118
1976,125.5
1977,127.2
1978,128.3
1979,138.5
1980,144.8
1981,146.7
1982,149.2
1983,154
1984,146
1985,143.4
1986,186.9
1987,206
1988,199.4
1989,181.5
1990,158.3
1991,135.5
1992,121.3
1993,111.9
1994,106
1995,101.1
1996,97.5
1997,96.7
1998,89.9
1999,97.9
2000,121.4
2001,138.9
2002,144.3
2003,140.3
2004,145.8
2005,146.8
2006,139.3
2007,138.5
2008,138.7
2009,146.4
2010,183.3
2011,193.6
2012,175.6
2013,150.2
2014,126.2
2015,110.3
2016,100.4
2017,97.3
2018,93.8
2019,93
2020,92.2
2021,93
2022,99.6
2023,119.7
2024,132.9
2025,139
2026,146.3
2027,157.7
2028,160.7
2029,156.7
2030,166.5
2031,166.5
2032,160.4
2033,166.3
2034,196.2
2035,194.2
2036,180.8
2037,161.3
2038,140
2039,117.3
2040,103.5
2041,97.9
2042,96.8
2043,96.1
2044,95.3
2045,98.1
2046,99
2047,118.7
2048,133
2049,145.4
2050,143.6
2051,145.2
2052,143.2
2053,135.2
2054,140
2055,149
2056,147.4
2057,144.9
2058,183.6
2059,185.8
2060,177.4
2061,162.2
2062,139
2063,117.4
2064,102.4
2065,96.8
2066,95.7
2067,94.2
2068,92.9
2069,97.7
2070,101.3
2071,112.8
2072,124.9
2073,64.4
2074,121.2
2075,138.8
2076,140.7
2077,142.1
2078,142.8
2079,147.2
2080,147.2
2081,160.2
2082,188.6
2083,192.2
2084,181.5
2085,159.6
2086,137.4
2087,113.7
2088,104.8
2089,100.4
2090,96.5
2091,94.3
2092,93
2093,92.4
2094,91.1
2095,106.9
2096,120.7
2097,132.6
2098,138.6
2099,138.9
2100,144.2
2101,143.1
2102,141.4
2103,142.6
2104,133.4
2105,143.4
2106,181
2107,185.8
2108,178.2
2109,155.1
2110,130.9
2111,115.5
2112,106.3
2113,99.1
2114,96.3
2115,92.7
2116,92.5
2117,91.2
2118,89.6
2119,102.6
2120,113.4
2121,115.9
2122,116.8
2123,120.5
2124,120.3
2125,119
2126,120.4
2127,118.4
2128,115.5
2129,130.7
2130,165.5
2131,172
2132,163
2133,146.3
2134,123.8
2135,108.2
2136,98.1
2137,92.9
2138,88.7
2139,86.6
2140,86.9
2141,89.2
2142,88.9
2143,103.7
2144,117.3
2145,126.2
2146,129
2147,133.3
2148,134.2
2149,134
2150,143.7
2151,144.9
2152,144.4
2153,147
2154,184.1
2155,196.6
2156,186.8
2157,172.2
2158,158.1
2159,132.7
2160,115.4
2161,109.1
2162,103.8
2163,100.1
2164,97.1
2165,101.2
2166,106.5
2167,122.6
2168,125
2169,121.7
2170,122
2171,126.4
2172,133.9
2173,143.2
2174,143.5
2175,141.5
2176,136.8
2177,143.2
2178,178.8
2179,182.5
2180,169.2
2181,154.6
2182,141.5
2183,128.3
2184,110.1
2185,105.4
2186,100.3
2187,97.3
2188,96.1
2189,96.3
2190,92.2
2191,104.1
2192,120.3
2193,133.7
2194,140.2
2195,145.1
2196,146.1
2197,143.9
2198,150.3
2199,151.8
2200,149.7
2201,152.6
2202,195.9
2203,203.2
2204,192.1
2205,172.1
2206,145.8
2207,115.5
2208,105.1
2209,102.4
2210,99
2211,95.2
2212,94.7
2213,100.5
2214,110.7
2215,117.6
2216,130.2
2217,131
2218,136
2219,135.1
2220,129.8
2221,126.1
2222,129.5
2223,130.6
2224,127.4
2225,132.3
2226,171.9
2227,177.9
2228,164
2229,139.9
2230,118
2231,97.7
2232,88.4
2233,85.3
2234,83.3
2235,82.8
2236,81.6
2237,88
2238,97.8
2239,110.9
2240,117.9
2241,125.5
2242,131
2243,133.7
2244,139.7
2245,145.9
2246,148.8
2247,153.6
2248,148.1
2249,152.4
2250,191.8
2251,199
2252,184.8
2253,168.1
2254,140.8
2255,116.9
2256,104.9
2257,97.3
2258,94.7
2259,92.3
2260,91.8
2261,95.1
2262,100.5
2263,98
2264,95.8
2265,121.4
2266,131.1
2267,146.3
2268,148
2269,147.7
2270,154.1
2271,154.4
2272,147
2273,156.3
2274,196.1
2275,201.4
2276,190.1
2277,171.2
2278,145.8
2279,124.3
2280,113
2281,106.4
2282,103.7
2283,101.6
2284,98.9
2285,102.4
2286,107.1
2287,127.2
2288,139.5
2289,109.8
2290,139.7
2291,150
2292,151.2
2293,147.8
2294,149.6
2295,148.3
2296,144.3
2297,143.7
2298,183
2299,190.7
2300,176.8
2301,161
2302,138.9
2303,116.3
2304,100
2305,95.4
2306,91.5
2307,87.6
2308,87.4
2309,88.4
2310,90.3
2311,107.5
2312,114.7
2313,119.1
2314,129.6
2315,135.6
2316,132.8
2317,124.6
2318,127
2319,129.1
2320,126.9
2321,131.2
2322,173.9
2323,189.8
2324,178.7
2325,158.8
2326,138.5
2327,119.9
2328,108.5
2329,103.1
2330,97.9
2331,94.5
2332,91
2333,90.9
2334,88.7
2335,102.3
2336,113.2
2337,125.5
2338,136.5
2339,140.3
2340,137.8
2341,136.8
2342,135.5
2343,137.3
2344,138.8
2345,145.9
2346,188.5
2347,187.7
2348,174.2
2349,153.3
2350,133.5
2351,115.6
2352,104.4
2353,97.2
2354,93.3
2355,91.5
2356,90.6
2357,95.3
2358,101.5
2359,110.4
2360,123.2
2361,129.1
2362,130.5
2363,140.6
2364,139.7
2365,143.3
2366,150.7
2367,153.5
2368,145.3
2369,148.4
2370,195.6
2371,207.3
2372,191.3
2373,169.9
2374,147
2375,122.4
2376,112.3
2377,106.7
2378,103.6
2379,101.3
2380,101
2381,105.6
2382,107.1
2383,119.3
2384,51.4
2385,7.9
2386,11.6
2387,12.6
2388,13.2
2389,13.1
2390,14.3
2391,53.4
2392,132.5
2393,138
2394,200.9
2395,220
2396,210.2
2397,191.2
2398,164.4
2399,139.7
2400,123.9
2401,118.1
2402,115.1
2403,73
2404,114.4
2405,115.4
2406,119.9
2407,106.8
2408,10.8
2409,12.3
2410,12.9
2411,12.6
2412,13
2413,13.9
2414,17
2415,63.8
2416,173.7
2417,182.5
2418,212.2
2419,206.4
2420,192.9
2421,171.8
2422,146.6
2423,125.1
2424,117
2425,109.6
2426,101.6
2427,99.7
2428,98.4
2429,107.4
2430,119.9
2431,97.9
2432,67.7
2433,67.3
2434,71.1
2435,74.4
2436,76.2
2437,78.6
2438,82
2439,105.6
2440,155.8
2441,162.5
2442,98.1
2443,149
2444,195.4
2445,181.7
2446,121.7
2447,97.9
2448,98.3
2449,89.6
2450,86.3
2451,86.2
2452,84.8
2453,89.5
2454,47.3
2455,78.9
2456,105.4
2457,108.6
2458,113.3
2459,116.4
2460,119.5
2461,144.6
2462,156.2
2463,157.7
2464,152.9
2465,158.1
2466,205.3
2467,212.1
2468,199.2
2469,179.3
2470,159.8
2471,137.3
2472,121.1
2473,113.5
2474,108
2475,102.1
2476,100.9
2477,102.9
2478,103.3
2479,122.9
2480,133.6
2481,132.4
2482,130.5
2483,134.2
2484,130
2485,126.1
2486,129.6
2487,131.3
2488,129.4
2489,130.4
2490,179
2491,194
2492,180.1
2493,160.3
2494,140
2495,123.8
2496,114
2497,108
2498,20.4
2499,30.1
2500,39.4
2501,83.3
2502,91.2
2503,104.3
2504,116.6
2505,120.8
2506,123.4
2507,130.5
2508,133.5
2509,130
2510,128
2511,132.8
2512,130
2513,135.8
2514,174.1
2515,181.2
2516,169.6
2517,146.8
2518,129.2
2519,111.2
2520,99.4
2521,97
2522,92.8
2523,89.9
2524,87.8
2525,93.4
2526,100.1
2527,113.1
2528,127.9
2529,139.7
2530,142.8
2531,152.4
2532,151.9
2533,153.8
2534,147.3
2535,118.2
2536,114.8
2537,132.1
2538,204.3
2539,200.7
2540,184.1
2541,160
2542,140.2
2543,121.4
2544,108.9
2545,104.5
2546,101.7
2547,98.1
2548,96.7
2549,103.3
2550,107.8
2551,108.9
2552,98.5
2553,112.8
2554,120.9
2555,122.7
2556,120.8
2557,118.5
2558,119.8
2559,132.1
2560,143.5
2561,111.1
2562,194.5
2563,199.2
2564,186.5
2565,165.9
2566,139.1
2567,118.2
2568,107.6
2569,99.4
2570,99.1
2571,98.4
2572,98.6
2573,101.8
2574,106.5
2575,106.8
2576,109.9
2577,118.1
2578,117.8
2579,125.4
2580,129.9
2581,157.3
2582,154.5
2583,146.4
2584,144.8
2585,155.9
2586,200.3
2587,198.3
2588,183.7
2589,158.2
2590,134.4
2591,111
2592,99
2593,81.7
2594,85.5
2595,89
2596,88.7
2597,96
2598,100.1
2599,107.2
2600,111.3
2601,121
2602,125.7
2603,132.4
2604,129.3
2605,126.5
2606,123.2
2607,148.1
2608,154.9
2609,158.8
2610,203.1
2611,212.3
2612,197
2613,175.7
2614,145.8
2615,124.9
2616,111.4
2617,104.9
2618,22
2619,98.2
2620,96.4
2621,102.7
2622,108.4
2623,117.7
2624,82.6
2625,122.8
2626,130.3
2627,132.9
2628,121.7
2629,114.1
2630,121.9
2631,129.8
2632,134.5
2633,139.9
2634,188.8
2635,185.9
2636,171.2
2637,150.7
2638,134.9
2639,113.2
2640,98.4
2641,94.7
2642,89.7
2643,87.2
2644,87.1
2645,89.5
2646,93.1
2647,46.2
2648,11.6
2649,11.4
2650,11.9
2651,12.6
2652,106.8
2653,153.3
2654,151.8
2655,150.1
2656,145.6
2657,157.5
2658,189.1
2659,195
2660,95.3
2661,137.6
2662,123
2663,110.4
2664,100.7
2665,95.7
2666,90.5
2667,87.9
2668,86.2
2669,83.7
2670,83
2671,96.5
2672,109.1
2673,114
2674,125.9
2675,123.1
2676,121.6
2677,132.8
2678,135.5
2679,133.2
2680,132.9
2681,135.7
2682,180.9
2683,189.5
2684,182
2685,158
2686,136.4
2687,115.9
2688,103.5
2689,97.6
2690,95.3
2691,93.4
2692,94.2
2693,98.4
2694,104.3
2695,116.2
2696,129.8
2697,143.9
2698,148.6
2699,152.6
2700,150.4
2701,148.3
2702,145.5
2703,138.3
2704,137.5
2705,140.8
2706,196.2
2707,205.5
2708,192.5
2709,168.5
2710,146.3
2711,122.8
2712,108.8
2713,103.2
2714,99.6
2715,96.8
2716,96
2717,100.4
2718,105.9
2719,109.4
2720,121.3
2721,124.7
2722,129.9
2723,132.8
2724,147.9
2725,147
2726,148.5
2727,141.2
2728,132.7
2729,141.5
2730,199.3
2731,202.6
2732,192.8
2733,176.4
2734,153.9
2735,128.8
2736,113.7
2737,107.1
2738,104.9
2739,102.3
2740,103
2741,108.4
2742,112.9
2743,94.9
2744,110.8
2745,123.9
2746,138.1
2747,144.9
2748,146
2749,136.2
2750,132.7
2751,129.9
2752,136
2753,160.6
2754,197.5
2755,197.6
2756,188.6
2757,163.1
2758,142.3
2759,121.3
2760,106.4
2761,101.4
2762,97.9
2763,97.1
2764,97.2
2765,102.8
2766,105
2767,116.9
2768,135.3
2769,140.8
2770,144.2
2771,152.8
2772,159.1
2773,162.4
2774,165.7
2775,155.1
2776,154.3
2777,155.9
2778,202.2
2779,207.6
2780,198
2781,175.8
2782,150.2
2783,129.1
2784,112.8
2785,104.9
2786,102.6
2787,101.5
2788,100
2789,102
2790,105.2
2791,117.7
2792,133.3
2793,139
2794,138.9
2795,152.3
2796,157.3
2797,155.6
2798,158.9
2799,160.1
2800,159.6
2801,166.8
2802,203.6
2803,205.3
2804,198
2805,184.3
2806,160.2
2807,136.6
2808,121.3
2809,113.2
2810,109.8
2811,108.1
2812,106.7
2813,104.1
2814,102
2815,116.6
2816,133.8
2817,144.3
2818,148.1
2819,149.6
2820,151.9
2821,154.7
2822,148
2823,146.1
2824,143.3
2825,148.4
2826,186.5
2827,191.8
2828,183.9
2829,168.4
2830,153.9
2831,134.6
2832,122.3
2833,114.7
2834,107.8
2835,105.8
2836,105.9
2837,109.3
2838,110.4
2839,123.8
2840,129.8
2841,130.4
2842,134.2
2843,136
2844,143.1
2845,145.6
2846,124
2847,119.9
2848,118.9
2849,122.2
2850,143.4
2851,135.5
2852,133.1
2853,113.5
2854,103.5
2855,92.4
2856,88.7
2857,84.7
2858,83
2859,80.7
2860,79.2
2861,83.5
2862,106.7
2863,123.8
2864,129.3
2865,135.4
2866,135.3
2867,137
2868,136.1
2869,137.1
2870,137.7
2871,139.5
2872,134.8
2873,147.2
2874,184.2
2875,184.8
2876,178
2877,161.9
2878,140
2879,120
2880,106.6
2881,101
2882,97.1
2883,94.6
2884,92.9
2885,93.1
2886,91
2887,110.2
2888,123.4
2889,127.3
2890,124.9
2891,127.9
2892,130.8
2893,134.6
2894,136.8
2895,134.7
2896,131.9
2897,139.6
2898,177.8
2899,183
2900,174.1
2901,154.1
2902,129.4
2903,110.6
2904,100.7
2905,95.8
2906,92
2907,90.8
2908,93.8
2909,98.2
2910,105.6
2911,113.3
2912,129.4
2913,133.4
2914,144.3
2915,154.6
2916,155.9
2917,160.8
2918,157.5
2919,149.1
2920,146.9
2921,153.5
2922,193.8
2923,193.9
2924,183.2
2925,164
2926,139.3
2927,115.5
2928,102.9
2929,97.4
2930,94.8
2931,93.3
2932,94.5
2933,98.1
2934,104
2935,114.9
2936,118.8
2937,131.1
2938,137.5
2939,133
2940,129.8
2941,140
2942,144.9
2943,152.4
2944,151.9
2945,155.4
2946,202.2
2947,208.3
2948,193.6
2949,172.3
2950,147.4
2951,126.6
2952,110.1
2953,103.2
2954,103.1
2955,100.4
2956,99.3
2957,103.8
2958,108.5
2959,119.5
2960,122.8
2961,106.6
2962,113.6
2963,117.7
2964,126.1
2965,158.1
2966,158
2967,152.5
2968,149
2969,164.1
2970,199.1
2971,200.4
2972,190.3
2973,167.9
2974,148.9
2975,130.2
2976,114.9
2977,107.8
2978,102.8
2979,99.9
2980,97.3
2981,98.5
2982,91.7
2983,109.7
2984,128.1
2985,135.9
2986,134.9
2987,131.1
2988,130.4
2989,136.3
2990,104.6
2991,129.1
2992,126.9
2993,111.6
2994,134
2995,155.9
2996,155.5
2997,143.4
2998,129.5
2999,113.4
3000,102.6
3001,92.5
3002,86.7
3003,83.4
3004,80.9
3005,80.1
3006,76.4
3007,88.6
3008,97.5
3009,107.3
3010,109.9
3011,122.5
3012,129.1
3013,123.6
3014,121.5
3015,121.7
3016,117.1
3017,127.6
3018,168.1
3019,173.8
3020,165.2
3021,145.9
3022,125.8
3023,109.3
3024,101.3
3025,96.4
3026,92.9
3027,91.6
3028,91.4
3029,96.6
3030,97.3
3031,111.3
3032,118.5
3033,127.3
3034,131
3035,132
3036,93.2
3037,133.1
3038,139.4
3039,134.9
3040,131.7
3041,151.6
3042,187.9
3043,186.9
3044,172.6
3045,155.4
3046,133.8
3047,114.2
3048,100.7
3049,29.2
3050,11.3
3051,90.6
3052,85.2
3053,87.5
3054,94.4
3055,116.1
3056,121.2
3057,124.3
3058,129.9
3059,130.6
3060,136.4
3061,129.7
3062,132.6
3063,97.3
3064,133.4
3065,138.6
3066,188.7
3067,190.4
3068,175.2
3069,156.8
3070,136.7
3071,118.4
3072,102.9
3073,97
3074,95.1
3075,93.8
3076,93.8
3077,96.8
3078,97.7
3079,114.4
3080,127.8
3081,129.2
3082,131.1
3083,137.1
3084,138.6
3085,143.2
3086,148
3087,149.9
3088,151.3
3089,152.2
3090,198.6
3091,202.5
3092,191
3093,172.9
3094,153.1
3095,126.8
3096,108.9
3097,105.8
3098,101.6
3099,99.1
3100,96.2
3101,101.5
3102,101.6
3103,113
3104,133.7
3105,148.3
3106,149.6
3107,143.8
3108,141.1
3109,143.2
3110,146.1
3111,157.4
3112,154.5
3113,159.9
3114,192.7
3115,194.3
3116,183.7
3117,166.3
3118,145.9
3119,125.4
3120,106.6
3121,100
3122,97.5
3123,94.2
3124,94.6
3125,99.3
3126,97.4
3127,111.7
3128,126.5
3129,91.1
3130,110.6
3131,145.3
3132,146.7
3133,144.3
3134,151.3
3135,157
3136,156.3
3137,165.8
3138,190.7
3139,188.4
3140,175.3
3141,163.9
3142,144.5
3143,125.5
3144,111.1
3145,103.8
3146,98.7
3147,95.9
3148,94.8
3149,94.8
3150,95.8
3151,109.5
3152,124.3
3153,132.8
3154,138.8
3155,141.5
3156,142.8
3157,145.3
3158,144
3159,140.4
3160,136.8
3161,150.3
3162,101.3
3163,185.5
3164,179.7
3165,158.5
3166,141.1
3167,126.9
3168,117.8
3169,110.5
3170,105.6
3171,104.1
3172,100.6
3173,97
3174,91.6
3175,100.5
3176,115.6
3177,121.5
3178,127.2
3179,129.3
3180,137.1
3181,47.4
3182,110.6
3183,119.6
3184,118.5
3185,146.1
3186,95.2
3187,165.9
3188,162.8
3189,151.1
3190,131.8
3191,116
3192,107.9
3193,104
3194,99.8
3195,97.4
3196,95
3197,92.6
3198,90.9
3199,105.3
3200,114.5
3201,124.5
3202,127.5
3203,135.1
3204,138.7
3205,137.1
3206,140.9
3207,139.7
3208,137.9
3209,136.8
3210,181
3211,192.7
3212,183.7
3213,160.6
3214,135.8
3215,119
3216,108.3
3217,99.8
3218,46.3
3219,88.1
3220,87.3
3221,94.8
3222,99.3
3223,112.9
3224,122.7
3225,133.2
3226,149.9
3227,160.7
3228,156.2
3229,156.8
3230,155.2
3231,155.9
3232,153.4
3233,158.6
3234,200.4
3235,196.3
3236,184.5
3237,167.8
3238,146
3239,125.5
3240,53.9
3241,98.3
3242,0
3243,81
3244,96.1
3245,99.2
3246,108.6
3247,116.3
3248,128.8
3249,130.6
3250,133.4
3251,62.7
3252,12.1
3253,104.2
3254,154.9
3255,158.5
3256,154.4
3257,158.8
3258,198.2
3259,196.5
3260,180.7
3261,156
3262,139.4
3263,120.8
3264,105.5
3265,98.9
3266,94
3267,64.5
3268,92.4
3269,97
3270,104.5
3271,110.1
3272,37
3273,78.2
3274,125.4
3275,123.1
3276,124.8
3277,123.6
3278,129.8
3279,130.5
3280,132.5
3281,140
3282,187
3283,190.5
3284,173.1
3285,151.2
3286,130.4
3287,110.7
3288,95.5
3289,89.2
3290,88.9
3291,86.7
3292,86.9
3293,88.6
3294,92.5
3295,110.2
3296,128.5
3297,134.2
3298,140.1
3299,137.1
3300,140.1
3301,141.2
3302,154.9
3303,151.7
3304,145.2
3305,150.4
3306,192.8
3307,198.8
3308,189.1
3309,163.8
3310,141.9
3311,111.7
3312,101.2
3313,34.9
3314,0
3315,0
3316,53.3
3317,98.2
3318,94.3
3319,112
3320,129.1
3321,139
3322,144.1
3323,144.6
3324,140.1
3325,139.7
3326,144.1
3327,141.7
3328,135.5
3329,143
3330,189.6
3331,195.4
3332,185.8
3333,172.2
3334,155.5
3335,137.4
3336,124.3
3337,113.3
3338,106.7
3339,102
3340,97.2
3341,95.2
3342,90.6
3343,109.8
3344,118
3345,125.1
3346,128.1
3347,131.1
3348,134.6
3349,126.9
3350,124.7
3351,124.4
3352,117.7
3353,127.1
3354,172.7
3355,176.1
3356,165.6
3357,143.3
3358,122.1
3359,104.7
3360,96.3
3361,92.6
3362,90.9
3363,90.4
3364,56.3
3365,34.5
3366,90.9
3367,69.2
3368,118.8
3369,127.7
3370,125.7
3371,130
3372,131.6
3373,127.2
3374,129.4
3375,128.9
3376,135.7
3377,149
3378,183.4
3379,180.6
3380,165.9
3381,145.7
3382,120.2
3383,101.6
3384,92.1
3385,87.4
3386,84.8
3387,83.5
3388,85.1
3389,89
3390,97.8
3391,108.9
3392,116.2
3393,117.9
3394,125.1
3395,128.9
3396,136.1
3397,136.1
3398,68.6
3399,15.5
3400,15
3401,59.1
3402,202.2
3403,208.7
3404,193.6
3405,180.4
3406,157.2
3407,133.4
3408,114.6
3409,107.1
3410,69.7
3411,89.2
3412,89.8
3413,93.2
3414,97
3415,116.5
3416,51.9
3417,11.5
3418,12.7
3419,13.1
3420,13.8
3421,13.6
3422,13.3
3423,91.4
3424,158.7
3425,179.9
3426,208.1
3427,201.4
3428,183.8
3429,166.8
3430,144.6
3431,120.6
3432,106.1
3433,100.1
3434,97.6
3435,94.5
3436,90.2
3437,95.5
3438,95.8
3439,119.4
3440,125.8
3441,124.5
3442,133.9
3443,143.6
3444,149.4
3445,151.6
3446,152.8
3447,150.7
3448,147
3449,156.1
3450,198.1
3451,195.1
3452,187.8
3453,176.3
3454,149.2
3455,126.9
3456,111.8
3457,106.5
3458,81.2
3459,97.9
3460,96.6
3461,100.2
3462,101.9
3463,115.3
3464,127.2
3465,129.4
3466,131.1
3467,135.1
3468,139.9
3469,140.1
3470,143.3
3471,150.7
3472,151.1
3473,164.7
3474,203.2
3475,202.2
3476,187
3477,167.6
3478,141.9
3479,120.7
3480,113
3481,106.7
3482,100.8
3483,95
3484,93.7
3485,92.2
3486,88.5
3487,103.7
3488,116.6
3489,121.5
3490,132.3
3491,133.2
3492,140.8
3493,136.3
3494,134.8
3495,127.7
3496,133.9
3497,141.6
3498,179.3
3499,183
3500,172.5
3501,153.8
3502,130.1
3503,113.5
3504,100.8
3505,96.1
3506,73
3507,69.7
3508,89.6
3509,89.8
3510,87.9
3511,102.9
3512,118.1
3513,120.6
3514,124.4
3515,127.9
3516,136
3517,143.7
3518,144.1
3519,135.9
3520,132.7
3521,145.8
3522,188.8
3523,192.5
3524,179.3
3525,155.7
3526,130
3527,111.5
3528,103.3
3529,99
3530,96.7
3531,94.6
3532,95.1
3533,96.6
3534,99
3535,117
3536,127.4
3537,133.8
3538,140.5
3539,150
3540,154.1
3541,150.8
3542,152.6
3543,152.4
3544,148.2
3545,161.3
3546,197.3
3547,196.5
3548,182.6
3549,164.3
3550,136.5
3551,115.1
3552,102.8
3553,97.1
3554,76.6
3555,91.5
3556,89.1
3557,93
3558,99.3
3559,115.8
3560,132.7
3561,137.8
3562,141.8
3563,146.4
3564,149.9
3565,148
3566,147
3567,150.7
3568,147.6
3569,150.4
3570,194.8
3571,197.1
3572,185
3573,167.2
3574,141.5
3575,115.5
3576,101.6
3577,97.1
3578,94.8
3579,91.6
3580,91
3581,96.5
3582,104
3583,114.2
3584,127.4
3585,136.1
3586,139.4
3587,145.9
3588,141.9
3589,140.8
3590,141
3591,142.7
3592,141.5
3593,150.3
3594,188.7
3595,187.4
3596,175.4
3597,155.8
3598,133.3
3599,111.2
3600,99.4
3601,95.4
3602,63.9
3603,87.9
3604,87.5
3605,88.9
3606,88.7
3607,107.9
3608,129.7
3609,142.3
3610,151.9
3611,149.8
3612,141
3613,142.3
3614,149.5
3615,144.2
3616,150.6
3617,165
3618,190.4
3619,188.9
3620,168.5
3621,151.1
3622,130.4
3623,108.2
3624,96.8
3625,92
3626,90.8
3627,89.1
3628,88.6
3629,87.3
3630,88.8
3631,110.4
3632,125.6
3633,129.1
3634,133.4
3635,137
3636,140.8
3637,140.2
3638,139.6
3639,141.1
3640,138.6
3641,142.6
3642,184.6
3643,187.6
3644,173.6
3645,159.6
3646,142.9
3647,124.7
3648,114.9
3649,107.7
3650,101.7
3651,37.2
3652,0.8
3653,101.4
3654,93.6
3655,111.3
3656,132
3657,137.7
3658,143.8
3659,137.7
3660,139.2
3661,145.1
3662,149.1
3663,146.4
3664,143.9
3665,157.7
3666,185.8
3667,182.6
3668,171
3669,153.2
3670,143.4
3671,134.8
3672,120.7
3673,106.7
3674,104.2
3675,99.4
3676,93.8
3677,91.8
3678,87.5
3679,101
3680,110.3
3681,116.9
3682,121.7
3683,123
3684,131.5
3685,132.6
3686,132
3687,129.6
3688,126.2
3689,132.5
3690,175.9
3691,163.7
3692,117.3
3693,133.1
3694,122.1
3695,107.5
3696,99.1
3697,93.6
3698,84.7
3699,85.2
3700,83.1
3701,83
3702,77.4
3703,94.7
3704,98.2
3705,106.5
3706,110
3707,113.7
3708,116
3709,112.3
3710,110.3
3711,105.5
3712,107.4
3713,132.2
3714,159.8
3715,162.7
3716,148.9
3717,124.9
3718,103.4
3719,88.4
3720,81.8
3721,78.7
3722,16.5
3723,71.7
3724,77.1
3725,82.4
3726,87.2
3727,96.4
3728,103
3729,108.8
3730,112
3731,116.9
3732,120.2
3733,118
3734,115.5
3735,114.9
3736,118.2
3737,137.7
3738,171.3
3739,170.5
3740,155.8
3741,133.8
3742,112.6
3743,96.1
3744,84.5
3745,80.3
3746,78.9
3747,79.5
3748,77.9
3749,83
3750,87.9
3751,100.8
3752,105.1
3753,102.9
3754,111.4
3755,114.6
3756,112.6
3757,113
3758,116.4
3759,116
3760,116.8
3761,132.2
3762,172.8
3763,172
3764,164.6
3765,145.2
3766,122.2
3767,102.7
3768,87.6
3769,84.6
3770,70.6
3771,81.4
3772,82
3773,84.8
3774,88.2
3775,98.4
3776,104.5
3777,112.5
3778,118.3
3779,126.4
3780,133.4
3781,141.9
3782,143.7
3783,145.9
3784,141.3
3785,151.6
3786,193.1
3787,197.3
3788,185.4
3789,167.4
3790,145.8
3791,124.7
3792,108
3793,102.6
3794,98.4
3795,95.8
3796,95.2
3797,97.6
3798,97.1
3799,117.1
3800,126
3801,128.7
3802,122.1
3803,122.5
3804,124.8
3805,123.4
3806,124.8
3807,127.3
3808,125.3
3809,133.5
3810,172
3811,177.9
3812,169.6
3813,152.4
3814,133.3
3815,112.4
3816,77.4
3817,0
3818,0
3819,0
3820,0
3821,0
3822,49.1
3823,110.7
3824,117
3825,116
3826,122.5
3827,132.5
3828,136.3
3829,138.1
3830,145.3
3831,145.5
3832,143.5
3833,149.5
3834,191.4
3835,196.4
3836,184.4
3837,170.8
3838,144
3839,126.5
3840,114.3
3841,109.1
3842,103.3
3843,99.5
3844,96.6
3845,94.2
3846,89.1
3847,106.1
3848,117.8
3849,123.1
3850,125.4
3851,131.2
3852,130.2
3853,129.3
3854,80.4
3855,89.4
3856,109.3
3857,125.6
3858,172.2
3859,178.2
3860,170.1
3861,149
3862,128.5
3863,114
3864,103.8
3865,96.8
3866,92.6
3867,90.9
3868,90.9
3869,89.9
3870,85.2
3871,107.7
3872,121.6
3873,130.8
3874,138.4
3875,136.7
3876,139.7
3877,144.3
3878,147.7
3879,144.3
3880,141.4
3881,150.3
3882,187.3
3883,194.1
3884,181.9
3885,161
3886,135.5
3887,116.5
3888,102.6
3889,97.3
3890,95
3891,93.5
3892,94.9
3893,97.6
3894,97.6
3895,115.6
3896,123.3
3897,130
3898,134.4
3899,141.1
3900,147.8
3901,131.8
3902,140.9
3903,150.6
3904,148.6
3905,149.6
3906,192.4
3907,198.1
3908,180.4
3909,160.1
3910,136.9
3911,118.5
3912,52.8
3913,0
3914,0
3915,0
3916,0
3917,0.6
3918,100
3919,116.6
3920,122.8
3921,134.4
3922,140.3
3923,147.4
3924,152.4
3925,154.7
3926,159.5
3927,164.1
3928,160.5
3929,161.7
3930,201.3
3931,209.5
3932,190.8
3933,170.4
3934,148.2
3935,104.7
3936,108.3
3937,92.2
3938,95.8
3939,94.7
3940,96.6
3941,101.9
3942,101.7
3943,126.9
3944,141
3945,153.2
3946,99.9
3947,148.1
3948,152.8
3949,148.4
3950,147.3
3951,149.8
3952,147
3953,161
3954,208.2
3955,210.6
3956,196.9
3957,174
3958,152.3
3959,131
3960,117
3961,90.1
3962,103.8
3963,101.3
3964,99.7
3965,102.9
3966,108.5
3967,125.1
3968,136.7
3969,136.9
3970,138.9
3971,141.5
3972,139.5
3973,143
3974,139.7
3975,140.3
3976,136.9
3977,120.4
3978,171.9
3979,184.3
3980,173.6
3981,159.8
3982,139.2
3983,116.7
3984,87.4
3985,93.3
3986,89.7
3987,85.6
3988,85.3
3989,84.7
3990,82.3
3991,98.4
3992,105.1
3993,112.6
3994,110.4
3995,110.9
3996,112
3997,110.9
3998,111
3999,110.5
4000,115.2
4001,116.4
4002,160.9
4003,170.6
4004,164.4
4005,146.1
4006,129.1
4007,110.4
4008,100.7
4009,94.7
4010,90.8
4011,89.1
4012,88.3
4013,89.7
4014,90.7
4015,100.7
4016,104.5
4017,106.8
4018,107.2
4019,109.6
4020,108.7
4021,109.7
4022,110
4023,105.1
4024,104.4
4025,119.4
4026,152.9
4027,158.4
4028,143.3
4029,124.1
4030,103.3
4031,90.2
4032,84.5
4033,81
4034,79.4
4035,76.3
4036,76.6
4037,78.5
4038,79.9
4039,99.3
4040,106.1
4041,110
4042,115.4
4043,128
4044,121.2
4045,119.7
4046,122.1
4047,127.2
4048,125
4049,131.4
4050,167.1
4051,172.7
4052,160.1
4053,140.8
4054,121.7
4055,103.9
4056,75
4057,81.4
4058,78.4
4059,78.4
4060,78.1
4061,81.2
4062,89.5
4063,119.8
4064,127.4
4065,129.1
4066,132.2
4067,136
4068,139.4
4069,135.5
4070,133.4
4071,132.4
4072,133.7
4073,128.6
4074,181.9
4075,186.4
4076,170.9
4077,153.9
4078,131.9
4079,109.6
4080,74.6
4081,88
4082,84.8
4083,82.3
4084,81.9
4085,83.5
4086,84.5
4087,102.7
4088,118
4089,127.9
4090,135.1
4091,136.8
4092,141.5
4093,137.6
4094,140.3
4095,139.3
4096,138.9
4097,132.3
4098,180.9
4099,186.8
4100,175
4101,159.8
4102,141.5
4103,120.6
4104,84.4
4105,97.7
4106,93.7
4107,91.8
4108,90.9
4109,92.6
4110,89.7
4111,111.3
4112,129.5
4113,130.1
4114,136
4115,145
4116,150.6
4117,148.3
4118,152.4
4119,145
4120,148.1
4121,154.7
4122,184.4
4123,186.9
4124,173.2
4125,152
4126,130.1
4127,111.3
4128,82
4129,89.7
4130,87.9
4131,86.4
4132,85.8
4133,87.5
4134,89.8
4135,108.9
4136,120.6
4137,126.8
4138,116.6
4139,130.7
4140,139
4141,143.3
4142,143.9
4143,145.2
4144,146
4145,153.6
4146,183.9
4147,183.5
4148,167.1
4149,151.9
4150,133.1
4151,113.7
4152,84
4153,93.3
4154,88.3
4155,86.2
4156,72.8
4157,81
4158,87.3
4159,110.8
4160,123.3
4161,129.3
4162,131.3
4163,128.2
4164,132.6
4165,134.2
4166,134.9
4167,127.1
4168,124.3
4169,118.5
4170,167.4
4171,178.2
4172,166.5
4173,150.7
4174,128.7
4175,113.3
4176,103.1
4177,97.1
4178,90.9
4179,86.9
4180,86
4181,84.9
4182,80.6
4183,97.3
4184,106.3
4185,114
4186,117.2
4187,121.7
4188,120.8
4189,121.6
4190,124.5
4191,122.2
4192,122.2
4193,125.2
4194,168.3
4195,173.3
4196,159.6
4197,143.6
4198,125.3
4199,105.7
4200,96.4
4201,67.2
4202,73
4203,85.9
4204,84.7
4205,88.2
4206,69.4
4207,100.3
4208,119.3
4209,132.4
4210,136.5
4211,140.4
4212,142.9
4213,144.1
4214,150
4215,153.5
4216,146
4217,113.3
4218,179.9
4219,184.1
4220,145
4221,135.5
4222,121.5
4223,101.9
4224,77.7
4225,80.4
4226,77.4
4227,75.2
4228,75.3
4229,76.5
4230,78.6
4231,105.9
4232,118.7
4233,136.2
4234,143.1
4235,140.4
4236,138.8
4237,144.4
4238,148.9
4239,151.6
4240,150.2
4241,157.5
4242,193.5
4243,193.5
4244,170.6
4245,152.7
4246,136.6
4247,115.7
4248,97.9
4249,92.5
4250,90.2
4251,87.6
4252,87.4
4253,88
4254,81.4
4255,103.5
4256,122.2
4257,132.4
4258,141.7
4259,147.6
4260,147.6
4261,142.4
4262,140.8
4263,144.5
4264,141.8
4265,147.1
4266,184.3
4267,187.2
4268,175.2
4269,154
4270,135.3
4271,117.1
4272,87.7
4273,92.4
4274,89.8
4275,87.8
4276,87.6
4277,90.8
4278,89.1
4279,113.4
4280,132.6
4281,145.7
4282,146.7
4283,143.5
4284,134.8
4285,130.6
4286,132.1
4287,137.8
4288,136.8
4289,141.8
4290,183.1
4291,193.6
4292,175.4
4293,155.7
4294,135.2
4295,115
4296,101
4297,92.9
4298,88.4
4299,86.5
4300,86.2
4301,86.2
4302,82.6
4303,103.4
4304,118.4
4305,129.3
4306,136
4307,137.7
4308,143.3
4309,141.1
4310,140.4
4311,139.8
4312,137.5
4313,137.9
4314,177.9
4315,187
4316,175.5
4317,157.1
4318,139.9
4319,117
4320,106.3
4321,97.9
4322,71.6
4323,88.9
4324,88.3
4325,87.1
4326,84
4327,97.2
4328,105.2
4329,111.7
4330,116.4
4331,122.4
4332,127.7
4333,134.5
4334,137.7
4335,136.9
4336,136.7
4337,140.5
4338,177.9
4339,191.6
4340,178.6
4341,159.9
4342,145.2
4343,127.3
4344,114.5
4345,105.8
4346,99.7
4347,95.2
4348,92.3
4349,90.2
4350,83.8
4351,98.4
4352,110.3
4353,116.7
4354,123.7
4355,128.2
4356,133.1
4357,136.3
4358,137
4359,136.2
4360,131.2
4361,135.1
4362,172.4
4363,183.5
4364,170.4
4365,154.4
4366,139.6
4367,122.6
4368,100.8
4369,98.1
4370,76.2
4371,76.7
4372,89
4373,86.5
4374,79.6
4375,95.8
4376,110
4377,121.4
4378,132.7
4379,140.2
4380,143.7
4381,143.4
4382,145.5
4383,142.4
4384,141.2
4385,138.7
4386,175.9
4387,190.5
4388,177.3
4389,161.9
4390,137.5
4391,117.7
4392,96.8
4393,97.3
4394,93.9
4395,90.3
4396,88.5
4397,90.3
4398,91.7
4399,113.3
4400,128.1
4401,143.7
4402,144.1
4403,148
4404,144.7
4405,147.2
4406,147.9
4407,144.7
4408,140
4409,133.9
4410,179.3
4411,189.4
4412,174.7
4413,161.4
4414,136
4415,113.3
4416,89.5
4417,93.6
4418,91.6
4419,89
4420,89.5
4421,92.5
4422,94.5
4423,111.8
4424,121.9
4425,128.8
4426,139.7
4427,131.8
4428,145.4
4429,149.9
4430,156.9
4431,155.2
4432,148.9
4433,149.2
4434,189.2
4435,199.8
4436,182.9
4437,166.4
4438,143.5
4439,116.2
4440,91.4
4441,96.3
4442,91.8
4443,90.7
4444,91.1
4445,96.4
4446,99.6
4447,114.3
4448,122.8
4449,135.1
4450,128.3
4451,147.9
4452,158.2
4453,161.4
4454,158
4455,155.1
4456,146.1
4457,151.2
4458,190.5
4459,189.5
4460,173.9
4461,157.3
4462,134
4463,113.5
4464,89.1
4465,90.7
4466,37.1
4467,77.7
4468,76.7
4469,79.1
4470,80.3
4471,98.9
4472,114
4473,123.3
4474,143.1
4475,150.9
4476,152.1
4477,148.7
4478,154.2
4479,153
4480,148.9
4481,150.3
4482,190.5
4483,200.9
4484,185
4485,167.8
4486,147.6
4487,124.1
4488,96.4
4489,100.1
4490,94.5
4491,93.3
4492,91.2
4493,90.1
4494,85.9
4495,103.7
4496,124.3
4497,127.6
4498,133.4
4499,132.5
4500,138.5
4501,140
4502,139.8
4503,134.7
4504,127.4
4505,123.5
4506,169.9
4507,180.8
4508,168.3
4509,150.3
4510,133.5
4511,119.5
4512,95.7
4513,90.2
4514,86.4
4515,82.3
4516,80.5
4517,81.5
4518,75.1
4519,90.7
4520,102.3
4521,109.9
4522,118.1
4523,124.2
4524,131.1
4525,141.8
4526,140
4527,134
4528,132.9
4529,122
4530,172.6
4531,184.6
4532,176
4533,153.5
4534,131.4
4535,109.9
4536,88.9
4537,92
4538,90
4539,88.6
4540,88.5
4541,93.1
4542,95.9
4543,92.1
4544,118.8
4545,128.5
4546,132.5
4547,142
4548,148.2
4549,155.7
4550,157.8
4551,157.8
4552,147.4
4553,145.5
4554,194.2
4555,204.1
4556,190.7
4557,170.2
4558,145.3
4559,123.1
4560,93.9
4561,98.7
4562,98.4
4563,94.9
4564,90
4565,93.1
4566,97.1
4567,109.3
4568,115.9
4569,122.4
4570,78.8
4571,112.7
4572,127.5
4573,129.9
4574,123.3
4575,126.3
4576,128.3
4577,142
4578,172.5
4579,177.9
4580,145.4
4581,123.9
4582,119.2
4583,100.4
4584,64.1
4585,83.6
4586,80
4587,79.7
4588,81.7
4589,86.4
4590,91.8
4591,104.3
4592,110.6
4593,113.5
4594,112.8
4595,117
4596,121.7
4597,115.3
4598,91.9
4599,130.5
4600,127
4601,136.4
4602,178.1
4603,183.4
4604,168.1
4605,148.6
4606,125.6
4607,105.3
4608,66.8
4609,86.2
4610,83.6
4611,82.1
4612,81.3
4613,85.9
4614,88.2
4615,107.3
4616,119.9
4617,124.5
4618,129.5
4619,137.3
4620,134.7
4621,139.8
4622,141.6
4623,140.6
4624,138.8
4625,143.7
4626,185.5
4627,189.2
4628,173.9
4629,159.8
4630,133.2
4631,112.2
4632,88.8
4633,92.8
4634,90.6
4635,87.5
4636,86.2
4637,91.7
4638,93.8
4639,108.6
4640,120.7
4641,132.7
4642,137.5
4643,137.1
4644,137.8
4645,147.7
4646,134.8
4647,143.2
4648,145.6
4649,143.6
4650,184.9
4651,196.4
4652,177.8
4653,163.2
4654,140.1
4655,119.3
4656,104.7
4657,97.6
4658,33
4659,49.3
4660,90.3
4661,88.8
4662,86.1
4663,112.5
4664,123.7
4665,131.2
4666,122.7
4667,129
4668,142.2
4669,139.1
4670,143.9
4671,143.1
4672,139.3
4673,125.1
4674,154.3
4675,164.5
4676,155.1
4677,140.6
4678,126.9
4679,111.1
4680,86.8
4681,90.2
4682,84
4683,80.7
4684,79.5
4685,80.3
4686,76.1
4687,88.4
4688,107.1
4689,130.2
4690,133.4
4691,137.3
4692,143.9
4693,143
4694,146.6
4695,143.7
4696,119.9
4697,125.8
4698,164.6
4699,188.8
4700,178.9
4701,134.1
4702,129.4
4703,108.5
4704,89.5
4705,92
4706,88.7
4707,85.8
4708,83.1
4709,82.5
4710,80.7
4711,96.1
4712,104.7
4713,117.3
4714,122.6
4715,134.2
4716,131
4717,145.9
4718,154
4719,154.4
4720,151.4
4721,152.5
4722,192.4
4723,205.7
4724,192.7
4725,179
4726,153.3
4727,128.3
4728,99.6
4729,104.9
4730,101.9
4731,99.4
4732,98
4733,103.2
4734,107.3
4735,120.4
4736,133.9
4737,145.8
4738,148
4739,145.1
4740,158
4741,150.4
4742,146.7
4743,146.3
4744,144.7
4745,134.6
4746,178.6
4747,202.4
4748,182.3
4749,161.7
4750,137.2
4751,115.4
4752,91.8
4753,97.2
4754,95.5
4755,92.4
4756,92.2
4757,97.5
4758,105
4759,117.7
4760,122.2
4761,129.2
4762,136.1
4763,144.5
4764,146.7
4765,148.8
4766,139.7
4767,153
4768,148.6
4769,131
4770,167.9
4771,197
4772,188.4
4773,174.1
4774,149.8
4775,127.4
4776,97.1
4777,99.1
4778,95.6
4779,94
4780,93.3
4781,100
4782,103.6
4783,119.3
4784,131
4785,136.3
4786,139.2
4787,150.7
4788,123.8
4789,146.1
4790,147.1
4791,148.1
4792,148.6
4793,152.7
4794,190.2
4795,204.2
4796,193.7
4797,177.3
4798,155.2
4799,128.2
4800,98
4801,100.6
4802,100
4803,97.8
4804,95.9
4805,98
4806,89.2
4807,88.4
4808,113.4
4809,110.7
4810,117.3
4811,118.8
4812,125.2
4813,129.5
4814,128.7
4815,143.7
4816,142.4
4817,146.3
4818,128
4819,192.7
4820,183.7
4821,163.8
4822,146.1
4823,127.5
4824,118.5
4825,113.1
4826,62.4
4827,0
4828,0
4829,76.9
4830,97.7
4831,107.4
4832,118.9
4833,130.2
4834,127.2
4835,128.3
4836,130
4837,135.6
4838,135
4839,136.2
4840,135.3
4841,139.3
4842,185
4843,201.4
4844,175
4845,151.8
4846,132
4847,115.7
4848,105
4849,98.7
4850,95.3
4851,91.6
4852,90.7
4853,89.6
4854,82
4855,97.2
4856,105.5
4857,111.1
4858,115.2
4859,122.6
4860,122.6
4861,118.2
4862,119.4
4863,118.8
4864,121.5
4865,129.9
4866,171
4867,185.5
4868,171.6
4869,150
4870,128
4871,109.4
4872,97.9
4873,90.6
4874,89
4875,87.5
4876,86.9
4877,90.4
4878,93.6
4879,106.4
4880,130.6
4881,136.1
4882,138.5
4883,148.4
4884,146
4885,154.1
4886,156.6
4887,157.5
4888,155.8
4889,154.5
4890,191.3
4891,203.2
4892,186.4
4893,165.9
4894,142.4
4895,116.1
4896,101.3
4897,98.6
4898,93.9
4899,92.8
4900,91.9
4901,96.8
4902,97.7
4903,117.2
4904,128
4905,134.6
4906,145.1
4907,152.1
4908,157.8
4909,165.7
4910,165.1
4911,157.5
4912,154.7
4913,155.6
4914,194.1
4915,208.4
4916,190.3
4917,172.7
4918,146.3
4919,122.5
4920,106.9
4921,103.3
4922,97.9
4923,95.4
4924,94.5
4925,96.4
4926,97.1
4927,113.8
4928,131.4
4929,137.1
4930,131
4931,133.7
4932,134.9
4933,146.2
4934,145.6
4935,141.2
4936,137.6
4937,140
4938,188.1
4939,196.5
4940,180.9
4941,164.1
4942,142.1
4943,115.4
4944,102.1
4945,96.2
4946,92.1
4947,87.8
4948,87.6
4949,91.7
4950,93.5
4951,105.3
4952,118.2
4953,126.5
4954,133.5
4955,138.3
4956,143.7
4957,149.8
4958,155.6
4959,155.9
4960,155.4
4961,154.7
4962,198
4963,211.1
4964,194.6
4965,174.8
4966,146.9
4967,123.3
4968,109.9
4969,102.7
4970,99.1
4971,98.3
4972,96
4973,98.7
4974,95.7
4975,113.8
4976,121.9
4977,131.3
4978,141.1
4979,148.9
4980,150.8
4981,153.1
4982,149.1
4983,148.7
4984,148.2
4985,143.2
4986,183.1
4987,200
4988,189
4989,168.8
4990,146.1
4991,124.7
4992,112.3
4993,106.9
4994,100.9
4995,97
4996,96.5
4997,98.5
4998,94.1
4999,107.4
5000,118.4
5001,124.7
5002,130.7
5003,131.8
5004,133.2
5005,135.8
5006,141.3
5007,139.7
5008,139.7
5009,140
5010,183.4
5011,197.3
5012,186.9
5013,160.7
5014,81.3
5015,126.3
5016,116.7
5017,108.2
5018,101.6
5019,97.5
5020,95.4
5021,93.3
5022,90.4
5023,105.3
5024,111.7
5025,118.4
5026,125.4
5027,131.3
5028,139.7
5029,143
5030,139.9
5031,132.7
5032,134.3
5033,152.5
5034,182.4
5035,184.8
5036,168
5037,148.7
5038,131
5039,114.5
5040,106.1
5041,99.7
5042,97
5043,93.4
5044,93.1
5045,97.5
5046,100.1
5047,110.1
5048,125.8
5049,131.9
5050,133.5
5051,140.5
5052,141.1
5053,140.3
5054,140.6
5055,147.3
5056,145.2
5057,150.7
5058,195.2
5059,201.3
5060,191.4
5061,168.6
5062,141.6
5063,118.4
5064,105.8
5065,100.7
5066,99.1
5067,99.2
5068,98.6
5069,103.7
5070,91
5071,112.5
5072,133.1
5073,135.1
5074,141.5
5075,146.4
5076,148.9
5077,153.9
5078,158
5079,151.7
5080,145
5081,147.2
5082,194.3
5083,210.4
5084,192.9
5085,154.9
5086,135.5
5087,116.8
5088,100.8
5089,96.4
5090,92
5091,92.8
5092,92.8
5093,97.5
5094,101.3
5095,109.8
5096,118.2
5097,122.8
5098,126.3
5099,130.2
5100,133.6
5101,135.8
5102,133.3
5103,135.5
5104,136.9
5105,141.3
5106,182.3
5107,192.7
5108,180.5
5109,165.4
5110,147.5
5111,125
5112,106.9
5113,97.4
5114,95.3
5115,92.7
5116,91.6
5117,94.2
5118,97.9
5119,109.3
5120,121.6
5121,135.8
5122,143.8
5123,149.2
5124,150.8
5125,155.4
5126,156.2
5127,158.1
5128,159.8
5129,166.7
5130,202.4
5131,208.4
5132,147.3
5133,163.5
5134,146.3
5135,123.4
5136,109.3
5137,60.6
5138,97.6
5139,93.4
5140,93
5141,98.1
5142,97
5143,111.1
5144,128.6
5145,134.9
5146,139.6
5147,143.8
5148,128.8
5149,143.4
5150,146.3
5151,146.4
5152,150.4
5153,155.8
5154,190
5155,198.6
5156,192.3
5157,172.1
5158,151.2
5159,131.4
5160,115.4
5161,109.7
5162,104.6
5163,101.6
5164,97.3
5165,96.2
5166,95
5167,115
5168,117.2
5169,125
5170,129.8
5171,135.8
5172,141.2
5173,140.9
5174,142.2
5175,144.8
5176,142.6
5177,146.7
5178,185.8
5179,205.3
5180,196.5
5181,179.3
5182,156.2
5183,135.2
5184,120.3
5185,110.8
5186,103.2
5187,99
5188,95.1
5189,95.3
5190,84.1
5191,97
5192,113.1
5193,124.2
5194,129.3
5195,136.5
5196,142.1
5197,146
5198,141.2
5199,134.6
5200,129.2
5201,136.1
5202,181.9
5203,191.7
5204,179.3
5205,153.4
5206,128.8
5207,111.2
5208,100.8
5209,97
5210,95.3
5211,93.5
5212,91.7
5213,95.3
5214,99.6
5215,115.6
5216,129.2
5217,130.6
5218,134.9
5219,138.8
5220,145.3
5221,145
5222,153.6
5223,156.2
5224,153.2
5225,157.8
5226,197.7
5227,95.4
5228,144.5
5229,150.5
5230,125.8
5231,108.1
5232,95.4
5233,90.4
5234,86.7
5235,86.2
5236,84.8
5237,86.6
5238,79.5
5239,96.3
5240,107.1
5241,110.5
5242,114.2
5243,118.2
5244,121.1
5245,121.2
5246,122.1
5247,122.8
5248,123.5
5249,136.2
5250,177
5251,185.1
5252,174.1
5253,152.3
5254,122.9
5255,104.6
5256,96.2
5257,90.6
5258,89.8
5259,86.2
5260,86
5261,91.7
5262,95
5263,99.5
5264,113.1
5265,120.6
5266,129.2
5267,129.3
5268,137.2
5269,141
5270,154.9
5271,159.5
5272,159.3
5273,156.3
5274,197.5
5275,209.9
5276,198.1
5277,173.8
5278,150.3
5279,124.2
5280,112
5281,104.5
5282,101.1
5283,98.3
5284,97.2
5285,100.4
5286,100.7
5287,115.9
5288,124.3
5289,136
5290,153.3
5291,165.4
5292,56.9
5293,0
5294,140.8
5295,153.8
5296,166.1
5297,171.7
5298,195.4
5299,195.6
5300,181.1
5301,157.1
5302,134.5
5303,112.7
5304,101.4
5305,97.3
5306,93.6
5307,91
5308,92.5
5309,99.1
5310,103.4
5311,114
5312,130.9
5313,136.4
5314,143.6
5315,143.4
5316,147.6
5317,152.5
5318,151.4
5319,155.5
5320,151
5321,150
5322,194
5323,203.6
5324,193
5325,174.2
5326,154.9
5327,129.1
5328,113.7
5329,107.4
5330,100.8
5331,97.5
5332,96.4
5333,96.5
5334,92
5335,109.7
5336,121.9
5337,126.2
5338,131.1
5339,135.3
5340,138.6
5341,137.8
5342,141.6
5343,145.2
5344,145.8
5345,148.3
5346,187
5347,195.8
5348,180.2
5349,162.4
5350,145.1
5351,126.5
5352,117.2
5353,110.7
5354,103.5
5355,98
5356,97.1
5357,97.2
5358,91.1
5359,105
5360,113.3
5361,119.7
5362,126.2
5363,137.1
5364,143.1
5365,155.3
5366,151.3
5367,145.9
5368,140.5
5369,139.3
5370,181.5
5371,196.8
5372,189.8
5373,172.1
5374,150.3
5375,128.6
5376,117.1
5377,112
5378,106.5
5379,103.8
5380,103.8
5381,108.2
5382,108.9
5383,119.2
5384,127.6
5385,137
5386,146
5387,158
5388,158.4
5389,157.4
5390,155.2
5391,152.4
5392,150.2
5393,157.2
5394,192.1
5395,202.3
5396,183.3
5397,161.2
5398,137.8
5399,114
5400,100
5401,95.9
5402,85.1
5403,93.4
5404,93.2
5405,96.6
5406,101.2
5407,119.4
5408,129.8
5409,140
5410,147.8
5411,158.8
5412,162.5
5413,157.7
5414,154.1
5415,153.6
5416,151.4
5417,158
5418,169
5419,179
5420,168.6
5421,150.7
5422,128.1
5423,107.4
5424,97.3
5425,91.7
5426,88.7
5427,87.7
5428,90.1
5429,94.9
5430,96.4
5431,110.9
5432,118.8
5433,113.4
5434,115.1
5435,119.2
5436,129.6
5437,135.4
5438,132.9
5439,143
5440,141.1
5441,143.5
5442,188.3
5443,198
5444,184.3
5445,159.5
5446,134.6
5447,115.9
5448,102.6
5449,95.8
5450,78.9
5451,93.1
5452,92.2
5453,96.5
5454,98.6
5455,110.2
5456,120.2
5457,134.2
5458,141
5459,151.6
5460,144.4
5461,139.3
5462,134.4
5463,137.9
5464,140.3
5465,143.7
5466,187.6
5467,194.1
5468,170.3
5469,147.9
5470,127.9
5471,107.5
5472,97.2
5473,92.9
5474,89
5475,89.2
5476,89.3
5477,96.5
5478,98.1
5479,110.1
5480,122.2
5481,130.2
5482,136.6
5483,148.5
5484,150.2
5485,152
5486,157.6
5487,159.2
5488,158.4
5489,154
5490,199.3
5491,208.7
5492,195.8
5493,178.4
5494,151.8
5495,126.2
5496,114
5497,104.9
5498,100.5
5499,98.2
5500,95.5
5501,97.2
5502,94.2
5503,111.1
5504,127.7
5505,134.2
5506,143.1
5507,148.5
5508,155.1
5509,161.2
5510,162.1
5511,164.8
5512,160.4
5513,160.7
5514,205.3
5515,211.6
5516,196.4
5517,178.4
5518,161.7
5519,139.6
5520,127.9
5521,116.7
5522,110.6
5523,105.5
5524,103.4
5525,102.4
5526,92.8
5527,109.2
5528,123.6
5529,127.4
5530,134.6
5531,140
5532,143.1
5533,139.3
5534,139.6
5535,141.4
5536,142.5
5537,141
5538,179.9
5539,193.6
5540,185.8
5541,167.9
5542,153.7
5543,128.8
5544,109.2
5545,101.2
5546,97.3
5547,94.7
5548,91.9
5549,92.4
5550,87.8
5551,101.6
5552,113.1
5553,126.1
5554,139.7
5555,143.8
5556,146.7
5557,151.3
5558,112.9
5559,110.4
5560,128.7
5561,144.8
5562,190.3
5563,195.4
5564,183.3
5565,160.3
5566,136.7
5567,117.7
5568,106.7
5569,100
5570,97
5571,94.8
5572,94.8
5573,100.6
5574,103.3
5575,121
5576,128.9
5577,132.7
5578,139
5579,147
5580,147.3
5581,143.4
5582,135
5583,132
5584,134.9
5585,145.5
5586,183.3
5587,190.6
5588,170
5589,147.8
5590,125.9
5591,88.1
5592,89.5
5593,87.1
5594,84.5
5595,83.6
5596,84.5
5597,88.1
5598,91
5599,100.5
5600,104.2
5601,106.8
5602,104.6
5603,111.5
5604,115.2
5605,116.7
5606,119.2
5607,123.9
5608,127.7
5609,134.5
5610,174.6
5611,183.3
5612,173.4
5613,150.8
5614,127.4
5615,104.6
5616,89.5
5617,83.2
5618,81.4
5619,79.1
5620,78.8
5621,83.1
5622,85.9
5623,95.8
5624,105.5
5625,112.6
5626,126.8
5627,134.7
5628,146.5
5629,146.7
5630,151.7
5631,156.4
5632,154.1
5633,157.7
5634,200.1
5635,211.9
5636,191
5637,166.6
5638,139.1
5639,115.6
5640,103.4
5641,98.1
5642,92.1
5643,84.2
5644,83.7
5645,88.6
5646,90.7
5647,102.1
5648,127.1
5649,139.5
5650,148.1
5651,153.1
5652,162.1
5653,160.5
5654,159.3
5655,153.1
5656,151.6
5657,157.7
5658,198
5659,207.9
5660,193.8
5661,174.3
5662,149.1
5663,126
5664,110
5665,107
5666,102.3
5667,96.7
5668,95
5669,96.1
5670,94.7
5671,114.5
5672,125
5673,128.9
5674,140.3
5675,151.7
5676,161.7
5677,160.7
5678,163.8
5679,156.3
5680,155.3
5681,158.4
5682,196.4
5683,204.1
5684,190.6
5685,126.6
5686,132.8
5687,122.6
5688,110.5
5689,106.5
5690,102.3
5691,99.4
5692,97.7
5693,97.5
5694,90.8
5695,107
5696,120.3
5697,124.3
5698,128.5
5699,138.3
5700,144.9
5701,147.5
5702,143.5
5703,145.5
5704,141.4
5705,146.3
5706,180.4
5707,183.6
5708,167.1
5709,145.6
5710,124.9
5711,109.7
5712,103.8
5713,97.4
5714,95.3
5715,93.6
5716,91.9
5717,94.4
5718,98.4
5719,108.2
5720,107.4
5721,112.7
5722,118.6
5723,126.2
5724,128.7
5725,131.9
5726,135.9
5727,140.5
5728,141
5729,145
5730,185.4
5731,192.7
5732,181.1
5733,159.5
5734,135.4
5735,111.6
5736,99.5
5737,93.3
5738,90.9
5739,89.6
5740,91.7
5741,94
5742,93.7
5743,106.6
5744,116.8
5745,134.4
5746,146.4
5747,153.3
5748,152.8
5749,149.9
5750,149.4
5751,150.2
5752,148.5
5753,150.1
5754,195.4
5755,207.3
5756,189.9
5757,170.4
5758,149
5759,122.4
5760,109.4
5761,101.6
5762,97.5
5763,95.8
5764,95.6
5765,99.5
5766,99.7
5767,112.2
5768,124.9
5769,135.7
5770,143.3
5771,143.2
5772,137
5773,140.1
5774,136.6
5775,141.6
5776,149.5
5777,153.6
5778,201.6
5779,205.5
5780,191.9
5781,177.8
5782,152.2
5783,125.5
5784,113.7
5785,107
5786,105.9
5787,103.8
5788,97.7
5789,98.9
5790,100.8
5791,110.8
5792,131.8
5793,141.4
5794,143.9
5795,153.4
5796,158.2
5797,152.6
5798,152.7
5799,159.9
5800,160.9
5801,163
5802,199.5
5803,207
5804,191.7
5805,165.8
5806,140.2
5807,120.3
5808,106.4
5809,101.8
5810,99.5
5811,96.5
5812,94.7
5813,98.6
5814,95
5815,110.1
5816,123.6
5817,131.4
5818,145.8
5819,156.1
5820,158.9
5821,160.6
5822,153.6
5823,150.4
5824,148.2
5825,151.6
5826,185.9
5827,191.5
5828,180.5
5829,159.7
5830,141.6
5831,121.4
5832,108.2
5833,103
5834,96.4
5835,94.2
5836,92.2
5837,93.5
5838,91.7
5839,103.4
5840,115.9
5841,129.5
5842,141.5
5843,150.6
5844,153.9
5845,156.7
5846,158
5847,156.6
5848,150.8
5849,153
5850,190.3
5851,192.8
5852,177.8
5853,163.9
5854,143.7
5855,128.9
5856,118.1
5857,111.8
5858,106.8
5859,100.9
5860,98.5
5861,98.7
5862,88.4
5863,101.2
5864,111.4
5865,123.3
5866,132.8
5867,141.6
5868,147.3
5869,147.6
5870,150
5871,143.4
5872,142.2
5873,146.1
5874,186
5875,195.2
5876,187
5877,166.5
5878,143
5879,124.5
5880,112
5881,105.9
5882,102
5883,99.4
5884,98.1
5885,102.2
5886,104.2
5887,118.1
5888,123.5
5889,130.3
5890,133.4
5891,140.4
5892,146.9
5893,148.3
5894,151.4
5895,154.4
5896,151.4
5897,153.8
5898,198.2
5899,200.6
5900,182.2
5901,160.6
5902,136.4
5903,114.2
5904,100.7
5905,95
5906,91.6
5907,89.7
5908,90.9
5909,94
5910,96.7
5911,113.8
5912,126.9
5913,136.2
5914,147.9
5915,152.1
5916,157.7
5917,152
5918,153.3
5919,152.9
5920,150.8
5921,151
5922,190.9
5923,203.4
5924,187.4
5925,168.8
5926,144.4
5927,122
5928,107.4
5929,100.3
5930,97.4
5931,96.5
5932,96.1
5933,96.7
5934,98.1
5935,112.7
5936,126.1
5937,137.4
5938,147.6
5939,151.2
5940,155.5
5941,157
5942,156.2
5943,157.1
5944,152.5
5945,146.5
5946,191.2
5947,199.1
5948,183.7
5949,162.6
5950,139.5
5951,114
5952,100.2
5953,94.2
5954,91.3
5955,88.6
5956,90
5957,92.1
5958,92.8
5959,117.8
5960,134.8
5961,147.2
5962,152.1
5963,159.8
5964,156.5
5965,156.5
5966,161.2
5967,163.7
5968,159.9
5969,159.6
5970,201.7
5971,208.1
5972,188.4
5973,167.8
5974,142.6
5975,119.7
5976,106.3
5977,100.2
5978,97.2
5979,95
5980,94.2
5981,98.7
5982,98
5983,116.9
5984,132.3
5985,145.2
5986,155.9
5987,159.5
5988,163.8
5989,160.6
5990,163.3
5991,160.2
5992,158.2
5993,160.2
5994,199.1
5995,207.8
5996,197.3
5997,179.7
5998,157.7
5999,134
6000,120.7
6001,113.7
6002,109.3
6003,105
6004,100.6
6005,98
6006,94.4
6007,111.4
6008,125
6009,135.6
6010,142.7
6011,149.6
6012,136.4
6013,133.6
6014,138
6015,134.3
6016,133.8
6017,138.2
6018,178.3
6019,185
6020,175.4
6021,156.3
6022,139.2
6023,120.5
6024,109.9
6025,103.3
6026,78
6027,90.1
6028,87.3
6029,84.2
6030,81.2
6031,95.6
6032,108.9
6033,118.8
6034,129.3
6035,137.5
6036,147.8
6037,148.4
6038,143.1
6039,140.1
6040,134.7
6041,140.7
6042,187.4
6043,194
6044,182.9
6045,163.8
6046,137
6047,120.6
6048,112.6
6049,104.7
6050,101.9
6051,99.4
6052,97.5
6053,101.4
6054,106.2
6055,120.4
6056,124.8
6057,127.2
6058,128.1
6059,143
6060,137.7
6061,135.5
6062,137.8
6063,143.2
6064,142.9
6065,146.5
6066,190.1
6067,201.4
6068,188.5
6069,169.4
6070,139.7
6071,114
6072,102
6073,95.3
6074,92.6
6075,90.2
6076,92.1
6077,95.3
6078,99.7
6079,119.9
6080,132.2
6081,135.1
6082,145.1
6083,156.2
6084,146.3
6085,147.4
6086,148.1
6087,148.8
6088,150
6089,150.8
6090,193.9
6091,205.4
6092,163.2
6093,153.3
6094,144.8
6095,121.1
6096,107.2
6097,100.6
6098,96.4
6099,94.9
6100,93.2
6101,94.4
6102,98.9
6103,115.3
6104,132.1
6105,138.7
6106,144.9
6107,153.8
6108,154.9
6109,156.5
6110,158.3
6111,165.6
6112,168.7
6113,167.5
6114,202.6
6115,208.6
6116,200
6117,179.4
6118,151.5
6119,127
6120,113.3
6121,19
6122,102.8
6123,102.3
6124,98.4
6125,98.8
6126,102.7
6127,127.1
6128,141.2
6129,134.5
6130,149.7
6131,142.7
6132,139.8
6133,138.1
6134,149
6135,161.8
6136,161.4
6137,159.1
6138,203.1
6139,205.9
6140,187.4
6141,168.3
6142,144.9
6143,122.2
6144,110
6145,103.4
6146,99.3
6147,97.8
6148,98
6149,102.1
6150,104.4
6151,118.4
6152,132.6
6153,144.1
6154,149.7
6155,154.9
6156,154.6
6157,161.3
6158,160
6159,153.2
6160,152.3
6161,154.6
6162,197.6
6163,206.5
6164,191.8
6165,167
6166,138
6167,120.6
6168,111.5
6169,107.2
6170,99.3
6171,97
6172,97.5
6173,97.8
6174,96.4
6175,122.3
6176,133.5
6177,125.1
6178,132.6
6179,132.1
6180,135.5
6181,136
6182,134.4
6183,138.8
6184,138.6
6185,140.1
6186,185.9
6187,194
6188,179.8
6189,158.6
6190,134.7
6191,117.9
6192,108.6
6193,104.3
6194,97.2
6195,90.9
6196,89.3
6197,78.6
6198,61.5
6199,102.1
6200,111.7
6201,120.9
6202,128.3
6203,143
6204,152.1
6205,153.3
6206,152.9
6207,147.4
6208,144.3
6209,144.8
6210,183.5
6211,195.5
6212,189
6213,171.1
6214,143
6215,121.3
6216,108
6217,102.3
6218,99.3
6219,99.1
6220,95.9
6221,95.7
6222,100.9
6223,113.6
6224,131.5
6225,143.7
6226,152.1
6227,159.5
6228,163.8
6229,162
6230,162
6231,169.2
6232,165.1
6233,160.2
6234,201
6235,208.2
6236,193.5
6237,175.6
6238,151.5
6239,126.2
6240,112.2
6241,106.5
6242,104.1
6243,101.7
6244,100.9
6245,101.3
6246,104.9
6247,117.7
6248,134.5
6249,148.7
6250,158.2
6251,159.6
6252,164.9
6253,169.9
6254,169.4
6255,171.6
6256,169.8
6257,170.7
6258,208.5
6259,211.6
6260,203.5
6261,183.3
6262,158.4
6263,133.1
6264,118.8
6265,111.2
6266,107.4
6267,103.7
6268,103.4
6269,104.9
6270,109.3
6271,122.9
6272,145.5
6273,153.6
6274,163.9
6275,173.8
6276,173.2
6277,172
6278,177.3
6279,178.6
6280,168.5
6281,164.6
6282,203.1
6283,206.2
6284,207.2
6285,192.9
6286,168.3
6287,142.3
6288,127.3
6289,117.7
6290,114.8
6291,111.8
6292,110.9
6293,110.7
6294,115.8
6295,127
6296,142.2
6297,148.9
6298,158.6
6299,170.8
6300,173.1
6301,175.3
6302,175.6
6303,172.7
6304,161.5
6305,174.4
6306,206.9
6307,205.9
6308,193.9
6309,183.1
6310,160.1
6311,137.4
6312,121.2
6313,115.4
6314,113.9
6315,110.1
6316,108.5
6317,108.4
6318,110.5
6319,122.1
6320,140
6321,150.6
6322,160.1
6323,169.8
6324,171.9
6325,171.6
6326,172
6327,172.4
6328,169
6329,179.8
6330,203.3
6331,203.6
6332,191.7
6333,171.4
6334,152.1
6335,131.6
6336,121.2
6337,115.8
6338,109.7
6339,106.3
6340,104
6341,102.7
6342,99
6343,115.2
6344,127.5
6345,137.1
6346,151.3
6347,145.8
6348,128.3
6349,130.3
6350,130.1
6351,127.8
6352,130.2
6353,153.3
6354,187.2
6355,172.9
6356,171.6
6357,170.1
6358,150
6359,133.5
6360,122.5
6361,116.1
6362,108.9
6363,103.3
6364,101.7
6365,95.7
6366,92.4
6367,103.8
6368,117
6369,132.6
6370,143.4
6371,150.5
6372,160.2
6373,165.1
6374,155.5
6375,151.8
6376,148.9
6377,146.1
6378,192.3
6379,198.6
6380,186.4
6381,172.9
6382,145.6
6383,125.9
6384,114.7
6385,107.8
6386,103.3
6387,102
6388,101
6389,101.2
6390,103.7
6391,118.5
6392,137.5
6393,147.4
6394,155.1
6395,162.4
6396,167.8
6397,171.5
6398,176.2
6399,165.8
6400,164.5
6401,164.2
6402,203
6403,207.6
6404,199.5
6405,182.6
6406,155.8
6407,129.5
6408,113.7
6409,108.3
6410,104.8
6411,102.4
6412,101.8
6413,102.6
6414,109
6415,127.2
6416,146.7
6417,136.1
6418,132.2
6419,123.9
6420,161.1
6421,173.9
6422,168.7
6423,155.3
6424,150.6
6425,155.5
6426,161.7
6427,188.7
6428,182.2
6429,160.5
6430,135.9
6431,117.5
6432,107.4
6433,102.4
6434,98.3
6435,97.7
6436,98.2
6437,98.1
6438,106.4
6439,122.4
6440,125.8
6441,134
6442,140.9
6443,156.2
6444,166.2
6445,162.7
6446,164.3
6447,150.4
6448,144.6
6449,150.7
6450,200.8
6451,200.8
6452,183.6
6453,165.8
6454,145.4
6455,124.4
6456,112.2
6457,104.5
6458,99.3
6459,98.3
6460,99
6461,102.5
6462,110.2
6463,126.8
6464,138.5
6465,148
6466,149.7
6467,154.9
6468,161.1
6469,168.4
6470,161.9
6471,159.6
6472,157.4
6473,161
6474,200.3
6475,205.7
6476,172.5
6477,163.7
6478,155.8
6479,137.5
6480,119
6481,111.6
6482,107.6
6483,104.3
6484,98.8
6485,98.1
6486,100.3
6487,123
6488,136.8
6489,142.1
6490,145.9
6491,154
6492,156.7
6493,163.4
6494,163.5
6495,158.8
6496,155
6497,161.5
6498,194.8
6499,189.3
6500,180.4
6501,168.8
6502,147.2
6503,128.7
6504,118.5
6505,112.9
6506,105.8
6507,103
6508,100.1
6509,97.4
6510,95
6511,111.4
6512,122.9
6513,139.5
6514,149.8
6515,157.1
6516,156.9
6517,159.5
6518,155.8
6519,145.6
6520,141.9
6521,153.7
6522,194
6523,197.7
6524,184.1
6525,167.9
6526,151.4
6527,132.8
6528,122
6529,116.1
6530,111
6531,105.9
6532,104.2
6533,96.7
6534,91.7
6535,106.5
6536,119.1
6537,134.1
6538,140.9
6539,148.7
6540,156.7
6541,154.2
6542,144.4
6543,135.4
6544,135.7
6545,154.1
6546,188.1
6547,191
6548,177.4
6549,156.4
6550,135.6
6551,120.8
6552,111.3
6553,106.4
6554,103.9
6555,99.5
6556,97.5
6557,101.5
6558,96.4
6559,90
6560,100.1
6561,103.9
6562,118.1
6563,133.7
6564,136.3
6565,106
6566,133.1
6567,138
6568,141.1
6569,149.1
6570,192.7
6571,197.7
6572,183.4
6573,174.3
6574,154.7
6575,132.7
6576,120.6
6577,114.8
6578,110.7
6579,106.6
6580,106.7
6581,105.5
6582,97.8
6583,122.3
6584,77.3
6585,73.7
6586,82.5
6587,104.4
6588,179.1
6589,183.8
6590,176.5
6591,163.8
6592,160.6
6593,173.4
6594,200.6
6595,201.1
6596,192
6597,174.8
6598,151.1
6599,132.5
6600,116.9
6601,109.7
6602,106.2
6603,103.2
6604,103.2
6605,101.1
6606,107.9
6607,128.5
6608,139.7
6609,142
6610,134.6
6611,134
6612,135
6613,133.8
6614,138.3
6615,144.2
6616,143.4
6617,147.1
6618,197.6
6619,200.5
6620,185.9
6621,168.1
6622,145.4
6623,121
6624,108.3
6625,103
6626,100.5
6627,97.2
6628,97.3
6629,98.2
6630,97.9
6631,115.1
6632,126.1
6633,144.5
6634,154.5
6635,156.5
6636,163.1
6637,166.8
6638,160.2
6639,151.9
6640,158.9
6641,164
6642,195.3
6643,198
6644,185.1
6645,169.9
6646,148.3
6647,130.7
6648,116.3
6649,110.2
6650,108.4
6651,102.5
6652,100.5
6653,104.7
6654,111.8
6655,127.9
6656,130.7
6657,133.6
6658,135.7
6659,139
6660,132.3
6661,130.2
6662,132.2
6663,137.7
6664,143.2
6665,153.6
6666,191
6667,189.9
6668,176
6669,163.6
6670,144.5
6671,122.8
6672,111.1
6673,106
6674,100.4
6675,97.5
6676,98.2
6677,93.3
6678,90.2
6679,103
6680,115.1
6681,127.6
6682,138.9
6683,143.5
6684,151.1
6685,153.9
6686,153.6
6687,153
6688,158.1
6689,162.5
6690,181.6
6691,161.1
6692,103.6
6693,10
6694,97.5
6695,96.2
6696,112
6697,106.9
6698,100.3
6699,97.7
6700,94.3
6701,91.3
6702,89.2
6703,106.7
6704,113.6
6705,125.2
6706,131.4
6707,137.5
6708,146.3
6709,130.5
6710,130
6711,127.8
6712,121.6
6713,125.7
6714,176.7
6715,181.1
6716,176
6717,157.8
6718,141.3
6719,125.1
6720,111.7
6721,104.9
6722,100.5
6723,95.8
6724,92.2
6725,86.9
6726,90.5
6727,108.2
6728,125.2
6729,140.2
6730,154.5
6731,163.1
6732,167.9
6733,152.7
6734,146.1
6735,144.8
6736,150.7
6737,168.7
6738,200.8
6739,200.6
6740,189.2
6741,167.9
6742,146.3
6743,125.9
6744,111.6
6745,103.4
6746,101.5
6747,99.2
6748,97.3
6749,98.4
6750,99.7
6751,124
6752,140.8
6753,150.1
6754,155.3
6755,163.1
6756,164.4
6757,168.5
6758,170.8
6759,167.9
6760,167.2
6761,164.5
6762,203.9
6763,205.9
6764,193.4
6765,174.8
6766,155.1
6767,130.4
6768,113.8
6769,107.3
6770,103.1
6771,99.4
6772,96.2
6773,96.1
6774,96.9
6775,117
6776,126.5
6777,131.6
6778,137.1
6779,143.6
6780,148.9
6781,147
6782,150
6783,149.4
6784,151.2
6785,154.9
6786,198.4
6787,202.3
6788,191.5
6789,177.5
6790,153.1
6791,130.8
6792,116.6
6793,111.8
6794,110.1
6795,107.1
6796,104.4
6797,102
6798,105.5
6799,119.1
6800,141.4
6801,145.9
6802,153.8
6803,158.8
6804,160.2
6805,157.7
6806,150.8
6807,155.1
6808,155.4
6809,159.8
6810,200.4
6811,203.1
6812,195.1
6813,174.6
6814,151.5
6815,125.1
6816,109
6817,101.7
6818,98.4
6819,97
6820,95.7
6821,97.3
6822,95.7
6823,110.6
6824,125.1
6825,127.2
6826,128.5
6827,129.8
6828,132.4
6829,131.8
6830,130.5
6831,132.8
6832,132
6833,142.4
6834,182
6835,187.4
6836,176.6
6837,159
6838,136.8
6839,114.6
6840,103.4
6841,98.3
6842,95.2
6843,73
6844,88.2
6845,83.9
6846,86.7
6847,99.9
6848,115.5
6849,134.2
6850,145.3
6851,141
6852,142.4
6853,152.2
6854,146.3
6855,137.4
6856,139.3
6857,144.8
6858,183.7
6859,184.9
6860,174
6861,156.5
6862,141.9
6863,125.3
6864,114.5
6865,108
6866,81.6
6867,88.6
6868,93.6
6869,86.4
6870,86.2
6871,101.9
6872,113.5
6873,123.3
6874,134.2
6875,140.7
6876,143.4
6877,138.6
6878,131.6
6879,128.4
6880,125.8
6881,136.1
6882,176
6883,173.5
6884,163
6885,147.4
6886,129
6887,111.8
6888,102
6889,97
6890,96.3
6891,92.9
6892,90.7
6893,86.8
6894,83.6
6895,102
6896,118.8
6897,127.5
6898,131.4
6899,140.4
6900,147.2
6901,146.6
6902,144.9
6903,138.7
6904,136.8
6905,144.5
6906,187.2
6907,192.5
6908,183
6909,163.5
6910,138.6
6911,116.6
6912,107.1
6913,100.8
6914,97.5
6915,95.2
6916,97.1
6917,96.1
6918,98.8
6919,117
6920,135.5
6921,151.2
6922,165.7
6923,147.9
6924,160.8
6925,158.1
6926,161.8
6927,169.3
6928,165.4
6929,171.2
6930,201
6931,202
6932,195.9
6933,174.8
6934,148.2
6935,126.8
6936,112.8
6937,106.2
6938,103
6939,100.9
6940,99.2
6941,102.4
6942,104.8
6943,121.2
6944,138.6
6945,141.7
6946,144.4
6947,148.9
6948,177.6
6949,180.7
6950,182.9
6951,188
6952,180.4
6953,170.7
6954,169.8
6955,190
6956,194.2
6957,169
6958,144.5
6959,123.2
6960,109.4
6961,106.2
6962,105.2
6963,98.4
6964,97.8
6965,97.1
6966,99.8
6967,120.8
6968,137.6
6969,153.4
6970,165.6
6971,177
6972,174.6
6973,181.9
6974,173.6
6975,161
6976,153
6977,160
6978,197.1
6979,201.1
6980,188.3
6981,166
6982,147
6983,118.4
6984,93.7
6985,89.1
6986,88.2
6987,83.4
6988,69.5
6989,86.4
6990,91
6991,106.7
6992,127.5
6993,139
6994,147
6995,158.5
6996,164.5
6997,162.7
6998,165.3
6999,173.9
7000,173.3
7001,173.2
7002,199.3
7003,199.8
7004,195
7005,179.8
7006,158
7007,135.5
7008,120
7009,113.4
7010,105.6
7011,102.8
7012,100.4
7013,95.7
7014,99.5
7015,115.4
7016,135.5
7017,146.3
7018,143
7019,150.4
7020,158.3
7021,159.2
7022,159.2
7023,157.4
7024,155.7
7025,163.9
7026,194.2
7027,200.8
7028,196.4
7029,179.4
7030,156.8
7031,140.7
7032,126.2
7033,118.6
7034,111.9
7035,106
7036,80.3
7037,98.3
7038,94.6
7039,110.3
7040,117.4
7041,123.6
7042,129.5
7043,136.5
7044,141.8
7045,140.8
7046,141.1
7047,137.3
7048,132.9
7049,138.3
7050,189
7051,192.6
7052,189.1
7053,169.4
7054,142.3
7055,126.7
7056,113.3
7057,109.3
7058,106
7059,102
7060,101
7061,99.9
7062,105.9
7063,118.3
7064,127.8
7065,139
7066,144.4
7067,117.5
7068,22
7069,0
7070,0
7071,0
7072,0
7073,0
7074,0
7075,145.6
7076,192.4
7077,193.8
7078,182.7
7079,159.5
7080,143.9
7081,134.3
7082,127.2
7083,121.9
7084,119.2
7085,115.9
7086,118.1
7087,125.2
7088,140.4
7089,162.7
7090,167.2
7091,172.7
7092,175
7093,173.2
7094,170.8
7095,166.4
7096,163.9
7097,168.7
7098,197.8
7099,196.5
7100,187
7101,164.5
7102,142.6
7103,120.4
7104,107.4
7105,103.4
7106,100
7107,96.9
7108,97.1
7109,98.4
7110,106.5
7111,125.3
7112,133
7113,140.1
7114,147.8
7115,158.6
7116,165.5
7117,157.2
7118,153
7119,149.5
7120,148.9
7121,161.6
7122,195
7123,194.6
7124,191.4
7125,185.7
7126,159.7
7127,136.7
7128,122.7
7129,114
7130,100.3
7131,102
7132,100.7
7133,98.6
7134,103
7135,119.5
7136,129.8
7137,138.5
7138,146.7
7139,155.7
7140,161.5
7141,164.1
7142,163.2
7143,154.6
7144,156.7
7145,173.2
7146,194.5
7147,194.7
7148,191.1
7149,175.6
7150,153.4
7151,127.9
7152,115.5
7153,110.7
7154,87.4
7155,102.5
7156,101.9
7157,103.3
7158,105.8
7159,126.1
7160,141.7
7161,147.8
7162,101.4
7163,126
7164,123.3
7165,133.7
7166,135.6
7167,141.6
7168,146.9
7169,157.7
7170,193.2
7171,193.2
7172,181.4
7173,159.3
7174,141.9
7175,122.3
7176,110.1
7177,103.8
7178,98.9
7179,94.3
7180,94.6
7181,92.3
7182,93.8
7183,109.8
7184,122.9
7185,128.2
7186,134.4
7187,139.9
7188,147.3
7189,153.1
7190,157.7
7191,153
7192,151.4
7193,153.6
7194,184.8
7195,149.9
7196,48.2
7197,162.3
7198,147.7
7199,132
7200,118.6
7201,110.4
7202,103.2
7203,98.8
7204,94.8
7205,88.7
7206,87.4
7207,106.4
7208,124.6
7209,137.8
7210,144
7211,146.3
7212,146.5
7213,150.6
7214,102.7
7215,70
7216,93.5
7217,115.5
7218,167.8
7219,175.3
7220,168.2
7221,149.9
7222,125.7
7223,105.2
7224,94.9
7225,91.1
7226,88.7
7227,87
7228,88.6
7229,90.4
7230,99.6
7231,111.9
7232,121.7
7233,126.4
7234,134
7235,147.9
7236,153.1
7237,158.6
7238,164.3
7239,167.8
7240,166.7
7241,166.6
7242,188.8
7243,188.4
7244,186.6
7245,178
7246,153
7247,128.6
7248,112.4
7249,106.7
7250,102.7
7251,99
7252,98.4
7253,99.7
7254,104.7
7255,120.3
7256,137.7
7257,141.5
7258,147.3
7259,158.4
7260,166.5
7261,168.2
7262,169.8
7263,169.9
7264,162.6
7265,159.1
7266,184.3
7267,173.8
7268,173.6
7269,171.3
7270,154.9
7271,133.1
7272,119.7
7273,111.3
7274,107.4
7275,104.9
7276,104.9
7277,103.8
7278,105.2
7279,120.4
7280,135.8
7281,143.7
7282,154.1
7283,163.3
7284,169.3
7285,176.3
7286,178.2
7287,174.2
7288,134.4
7289,151.8
7290,173.8
7291,167.1
7292,153.3
7293,139.2
7294,118.2
7295,101.7
7296,95.1
7297,88.8
7298,85.9
7299,83.3
7300,83.1
7301,82
7302,86
7303,107.4
7304,126.9
7305,128.6
7306,133.8
7307,124.7
7308,119.6
7309,122.4
7310,127.7
7311,137
7312,63.3
7313,0
7314,52.7
7315,130.4
7316,121.8
7317,124.4
7318,126.4
7319,112.6
7320,0
7321,26.8
7322,88
7323,83.1
7324,81.1
7325,78.3
7326,79.3
7327,92.4
7328,105.7
7329,62.4
7330,112.9
7331,136.7
7332,141.9
7333,138.9
7334,144.6
7335,156
7336,154
7337,153.9
7338,192.9
7339,192.7
7340,175.7
7341,164.3
7342,149.3
7343,125.4
7344,111.1
7345,106
7346,100.7
7347,95.9
7348,92
7349,86.2
7350,88.3
7351,114.5
7352,134.1
7353,142.8
7354,148.9
7355,143.7
7356,150.1
7357,144.8
7358,136.4
7359,132.9
7360,136.9
7361,142.4
7362,179.6
7363,183.5
7364,170
7365,152.9
7366,136.4
7367,122
7368,112.8
7369,108.2
7370,99.8
7371,95.7
7372,91.9
7373,84.7
7374,79.2
7375,100.9
7376,113.6
7377,122.5
7378,132.7
7379,139.8
7380,143.7
7381,141.8
7382,141.1
7383,137.3
7384,125.6
7385,128.6
7386,172.4
7387,179.9
7388,173.1
7389,155.2
7390,135.6
7391,118
7392,109.5
7393,102.8
7394,100.5
7395,98.9
7396,94.6
7397,88.9
7398,87.1
7399,104.5
7400,117.6
7401,125.3
7402,131.1
7403,138.7
7404,140.9
7405,138
7406,136.9
7407,138.9
7408,140.4
7409,149.3
7410,185.9
7411,181.6
7412,173.8
7413,156.7
7414,143.3
7415,121.1
7416,108.1
7417,106.6
7418,104.1
7419,100.2
7420,99.6
7421,99
7422,102.6
7423,114.3
7424,128.1
7425,131.8
7426,138
7427,141.5
7428,139.5
7429,141.3
7430,140.2
7431,135.9
7432,138.5
7433,151.2
7434,193.6
7435,194.1
7436,183
7437,167.1
7438,144.5
7439,119.8
7440,109.2
7441,104
7442,99.1
7443,95.3
7444,96.2
7445,96.6
7446,100.3
7447,121.8
7448,133.9
7449,140.9
7450,146.4
7451,155.8
7452,158.4
7453,160.4
7454,153.7
7455,151.8
7456,150.8
7457,157.8
7458,193.4
7459,194.1
7460,185.4
7461,175.8
7462,150.9
7463,129.5
7464,117.1
7465,109.9
7466,105.2
7467,102.4
7468,101.4
7469,99.5
7470,103.1
7471,126.4
7472,146.5
7473,148.6
7474,151.7
7475,152
7476,157.2
7477,152.6
7478,156.6
7479,156.9
7480,157.6
7481,159.9
7482,205.7
7483,207.9
7484,198.2
7485,184.8
7486,156.2
7487,135.2
7488,119
7489,112
7490,109.8
7491,107.1
7492,107.5
7493,105.5
7494,110.8
7495,121.3
7496,132.5
7497,139.7
7498,143
7499,148.6
7500,154.9
7501,160
7502,160.8
7503,150.5
7504,156.5
7505,166
7506,213.8
7507,211.5
7508,196.9
7509,177.2
7510,164.1
7511,144
7512,126.1
7513,118.7
7514,111.4
7515,86
7516,103.3
7517,88.7
7518,94.5
7519,110.6
7520,122.4
7521,132.2
7522,140.6
7523,152.1
7524,147.6
7525,152.4
7526,155.8
7527,155.2
7528,148.5
7529,155.7
7530,196.3
7531,204.9
7532,126.2
7533,153.7
7534,145.8
7535,131.8
7536,123
7537,116.3
7538,110.2
7539,103.9
7540,103.5
7541,95
7542,92.3
7543,111.6
7544,132
7545,144
7546,149.6
7547,151.9
7548,154.1
7549,153.6
7550,150.5
7551,147.8
7552,144.4
7553,151.7
7554,201.7
7555,153.3
7556,190.3
7557,176.6
7558,156.1
7559,135.6
7560,125.9
7561,118.8
7562,114.3
7563,76.9
7564,86.6
7565,99.9
7566,100.6
7567,120.3
7568,138.3
7569,148.8
7570,89.4
7571,70
7572,142.6
7573,145.7
7574,139
7575,140.4
7576,134.8
7577,142.7
7578,90.8
7579,169.8
7580,163.7
7581,146.4
7582,128.5
7583,111.1
7584,104.3
7585,97.4
7586,95.4
7587,92.8
7588,91.9
7589,92.4
7590,95.6
7591,118.6
7592,137.5
7593,153.3
7594,168.1
7595,174.2
7596,166.4
7597,155.8
7598,49.8
7599,137.6
7600,146.9
7601,160.7
7602,205.6
7603,196.8
7604,157.7
7605,135.9
7606,119.9
7607,106
7608,36.8
7609,0
7610,0
7611,51.5
7612,92.1
7613,69.3
7614,91.6
7615,108.2
7616,117.4
7617,62.9
7618,133
7619,139.1
7620,141.1
7621,143.9
7622,145.6
7623,147.5
7624,135.4
7625,152.4
7626,206.3
7627,211.1
7628,197.5
7629,176.7
7630,157.9
7631,138.1
7632,123.2
7633,115.8
7634,111.5
7635,110.6
7636,110.4
7637,106.3
7638,108.7
7639,124.4
7640,145.6
7641,159
7642,159
7643,157.3
7644,164.3
7645,163.8
7646,163.5
7647,167.7
7648,163.7
7649,172.2
7650,207
7651,208.6
7652,191.6
7653,172.8
7654,152.2
7655,134.6
7656,122.6
7657,116.7
7658,112.9
7659,111.4
7660,109.6
7661,108.2
7662,106.8
7663,126.3
7664,147.8
7665,155.2
7666,163.6
7667,165
7668,165.6
7669,167
7670,160.2
7671,160.8
7672,161.3
7673,163.4
7674,203.9
7675,202.5
7676,182.7
7677,157.1
7678,134.2
7679,117.1
7680,108.9
7681,103.5
7682,100
7683,96.7
7684,94.2
7685,93.1
7686,92.5
7687,108.9
7688,128
7689,142.6
7690,143.2
7691,145.2
7692,147.7
7693,150.6
7694,155.4
7695,154.6
7696,148.8
7697,158.6
7698,193.3
7699,199.3
7700,192
7701,172.1
7702,152.2
7703,136.7
7704,126.2
7705,118.5
7706,112.2
7707,106.7
7708,102.7
7709,96.4
7710,91
7711,108.7
7712,120.6
7713,129.2
7714,137.9
7715,146.2
7716,148.3
7717,146.7
7718,146.4
7719,143.9
7720,140.2
7721,147.7
7722,189.7
7723,197.7
7724,191.9
7725,170.5
7726,148.5
7727,128.6
7728,115.6
7729,110.6
7730,108.5
7731,104.6
7732,102.6
7733,102.2
7734,100.2
7735,123
7736,105.2
7737,136
7738,143
7739,150.5
7740,155.5
7741,154.9
7742,166.8
7743,170.3
7744,172.4
7745,188.5
7746,209.2
7747,202.5
7748,181.2
7749,161
7750,142.1
7751,125.5
7752,111.4
7753,107.6
7754,101.6
7755,99.5
7756,100.5
7757,99.3
7758,100.7
7759,120.8
7760,137.9
7761,151.1
7762,153.8
7763,149.6
7764,151.9
7765,155.7
7766,156.6
7767,162.2
7768,164.2
7769,165.2
7770,204
7771,196.6
7772,179.6
7773,171.6
7774,155.4
7775,133.5
7776,118.4
7777,111
7778,108.3
7779,106.3
7780,104.8
7781,103.7
7782,105.2
7783,125.4
7784,145.7
7785,152.7
7786,157.3
7787,165
7788,161.8
7789,167.5
7790,164.6
7791,165.7
7792,160.8
7793,170
7794,204.9
7795,201.9
7796,160.9
7797,169.9
7798,152.1
7799,128.7
7800,115.2
7801,109.9
7802,106.7
7803,103.5
7804,102.5
7805,100.3
7806,98.3
7807,118
7808,133.4
7809,127.5
7810,129.3
7811,130.2
7812,127.6
7813,128.3
7814,128.8
7815,132.1
7816,148.3
7817,158.9
7818,199.9
7819,202.6
7820,188
7821,172
7822,151.1
7823,131.9
7824,118
7825,111.5
7826,109.2
7827,103.7
7828,103.3
7829,99.3
7830,99.7
7831,120.3
7832,142.5
7833,153.6
7834,154.9
7835,161.3
7836,161.5
7837,162.1
7838,159.9
7839,155.1
7840,157.3
7841,163.2
7842,199.8
7843,203.2
7844,187.7
7845,173
7846,154.2
7847,137.9
7848,122.8
7849,114.8
7850,107.9
7851,105.4
7852,105.1
7853,102.4
7854,100
7855,115.9
7856,126.9
7857,127.4
7858,127.6
7859,130.9
7860,133.8
7861,133.1
7862,133.8
7863,132.8
7864,130.5
7865,139.4
7866,181.5
7867,190.2
7868,182.3
7869,166.5
7870,149.7
7871,131.5
7872,119.7
7873,113.3
7874,106.5
7875,102.2
7876,99.4
7877,93.2
7878,89.9
7879,107.7
7880,116.8
7881,126.5
7882,128.7
7883,134.4
7884,138.2
7885,146.9
7886,148.9
7887,141.1
7888,134.3
7889,147.4
7890,184.1
7891,187.8
7892,182.1
7893,165.2
7894,135.2
7895,117
7896,109.7
7897,105.6
7898,102.1
7899,100
7900,99.5
7901,96.3
7902,98.2
7903,120.3
7904,137.3
7905,144
7906,147.9
7907,155.2
7908,156.9
7909,160
7910,161.1
7911,163.7
7912,160
7913,160.8
7914,206.1
7915,209.1
7916,192.9
7917,177.8
7918,155.8
7919,134.4
7920,115.9
7921,109.5
7922,106.4
7923,105.4
7924,101.5
7925,96.8
7926,96.8
7927,117.3
7928,147.8
7929,160.7
7930,165.5
7931,171.4
7932,176.7
7933,170.1
7934,161.9
7935,162.2
7936,165.7
7937,172.1
7938,198.4
7939,198.8
7940,184.3
7941,162.8
7942,142.2
7943,119.9
7944,108.2
7945,103.8
7946,100.1
7947,95.9
7948,96.2
7949,95.5
7950,99.6
7951,120.4
7952,126.3
7953,141.9
7954,154.5
7955,144.8
7956,148
7957,150.6
7958,153.8
7959,160.6
7960,160.9
7961,164.9
7962,200.2
7963,204.4
7964,194.9
7965,181.5
7966,158.2
7967,139
7968,123.6
7969,112.9
7970,111.4
7971,109.3
7972,108.2
7973,110.4
7974,114.4
7975,127.9
7976,79.2
7977,10.6
7978,13.3
7979,13.5
7980,13
7981,14.2
7982,14.1
7983,145.2
7984,169.7
7985,175.8
7986,209.7
7987,203
7988,192.5
7989,175.4
7990,153.6
7991,133.4
7992,116.3
7993,107.8
7994,103.4
7995,101.6
7996,100.7
7997,97.8
7998,102.6
7999,123.7
8000,144.1
8001,148.7
8002,154.6
8003,163.6
8004,162
8005,155
8006,153.8
8007,154.8
8008,149.5
8009,155.1
8010,191.6
8011,194.7
8012,181.5
8013,164.6
8014,147.1
8015,131.9
8016,121.3
8017,116.1
8018,107.4
8019,105
8020,99.4
8021,97.9
8022,96.9
8023,110.9
8024,121.7
8025,139
8026,138.4
8027,137.1
8028,137.9
8029,137.8
8030,135.8
8031,131.4
8032,127.2
8033,133.7
8034,171.3
8035,183.4
8036,180.5
8037,162.1
8038,142.6
8039,125.9
8040,120.5
8041,112.2
8042,106
8043,99.6
8044,97.8
8045,88.9
8046,84.6
8047,100.4
8048,110.1
8049,124.5
8050,135.6
8051,140
8052,143.1
8053,147.5
8054,144.4
8055,140
8056,136.6
8057,142.5
8058,186.4
8059,193.5
8060,186
8061,167.6
8062,147.1
8063,128
8064,116.3
8065,110.7
8066,106.1
8067,102.4
8068,100.2
8069,96.7
8070,93.3
8071,114.7
8072,133.4
8073,141.9
8074,153.7
8075,162.5
8076,153
8077,146.9
8078,143.9
8079,149.2
8080,160.2
8081,174.2
8082,186.6
8083,185.7
8084,171
8085,145.3
8086,127.2
8087,111.4
8088,101.5
8089,97.4
8090,95.6
8091,93.9
8092,92.1
8093,89.5
8094,90.2
8095,109.6
8096,129.4
8097,142.3
8098,146.3
8099,152.9
8100,151.7
8101,150.3
8102,142.8
8103,147.6
8104,146.4
8105,146.1
8106,186.6
8107,197.6
8108,185.4
8109,170.9
8110,149.5
8111,134.9
8112,118
8113,109.5
8114,105.9
8115,104.2
8116,102.3
8117,98.3
8118,96.3
8119,115.5
8120,22.1
8121,12.3
8122,13.7
8123,15.1
8124,15.9
8125,15
8126,18.9
8127,156.8
8128,168.5
8129,176.7
8130,205.9
8131,205.2
8132,195.4
8133,174.8
8134,148.2
8135,134.3
8136,121
8137,111.6
8138,106
8139,104.3
8140,101.6
8141,99.7
8142,99.5
8143,121.1
8144,120.6
8145,106.3
8146,112.3
8147,118.8
8148,119.2
8149,120.9
8150,133.8
8151,153.8
8152,151.1
8153,156.3
8154,194.3
8155,192.6
8156,176.2
8157,156.7
8158,141.4
8159,124.7
8160,110.1
8161,106
8162,103.3
8163,101.7
8164,99.3
8165,95.7
8166,97.9
8167,114
8168,129
8169,140.8
8170,143.2
8171,153.5
8172,150.9
8173,153.3
8174,159.9
8175,165.1
8176,158.7
8177,151.8
8178,190.9
8179,198.3
8180,184.9
8181,168.6
8182,149.1
8183,131.3
8184,117
8185,112.5
8186,105.6
8187,105.2
8188,100.8
8189,94.7
8190,88.4
8191,103.9
8192,112.6
8193,124.7
8194,132.2
8195,137.7
8196,145.6
8197,144.5
8198,150.2
8199,149.2
8200,151
8201,149.6
8202,185.8
8203,196.6
8204,186.8
8205,166.6
8206,150.2
8207,136.8
8208,123.2
8209,116
8210,109.2
8211,29.9
8212,88.5
8213,95.7
8214,88.9
8215,100.6
8216,109.7
8217,112.9
8218,116.2
8219,121.7
8220,122.8
8221,121.5
8222,123.6
8223,125.4
8224,124.7
8225,131.3
8226,178.1
8227,188.1
8228,177.8
8229,154.4
8230,135.7
8231,120.1
8232,110.7
8233,104.8
8234,102.6
8235,101.7
8236,101.9
8237,95.7
8238,91.3
8239,111.1
8240,133.2
8241,143.4
8242,151
8243,157.4
8244,153.6
8245,150.7
8246,159.5
8247,165.7
8248,164.2
8249,156.6
8250,189.2
8251,200.7
8252,185.3
8253,161.7
8254,141.9
8255,126.2
8256,114.3
8257,109
8258,103.9
8259,102.5
8260,102.8
8261,97.5
8262,98.2
8263,116.3
8264,137.9
8265,150.9
8266,152.4
8267,155
8268,141.2
8269,139.2
8270,142.2
8271,145.5
8272,146.3
8273,161.4
8274,186.9
8275,189.1
8276,169.4
8277,153.6
8278,134
8279,117
8280,105.5
8281,100.8
8282,97.9
8283,96.2
8284,95.4
8285,92.2
8286,92.2
8287,108.2
8288,128.1
8289,134.9
8290,144.1
8291,151.7
8292,156.3
8293,153.9
8294,153.6
8295,158
8296,157.3
8297,159.3
8298,199.5
8299,198.5
8300,179.6
8301,159.3
8302,136.8
8303,123.1
8304,110.5
8305,103.6
8306,99.5
8307,99.2
8308,98.5
8309,96.5
8310,95
8311,110.2
8312,132.7
8313,146.1
8314,154.6
8315,155.5
8316,151.5
8317,147.8
8318,153.3
8319,152.7
8320,147
8321,155.9
8322,186.6
8323,198.7
8324,186.8
8325,169.1
8326,148.6
8327,128.5
8328,114.8
8329,109.1
8330,104.1
8331,101.1
8332,99
8333,96.8
8334,97
8335,116.6
8336,124.4
8337,132.2
8338,134.4
8339,141.7
8340,138.2
8341,138.1
8342,143.4
8343,151.6
8344,149.9
8345,155.7
8346,187.3
8347,196.1
8348,184.4
8349,169
8350,153.6
8351,132.7
8352,119
8353,112.5
8354,106.5
8355,105.3
8356,100.5
8357,96.5
8358,95
8359,107.8
8360,121.1
8361,126.9
8362,133.3
8363,138.1
8364,140.1
8365,141.2
8366,133.5
8367,133
8368,130.2
8369,138.7
8370,171.4
8371,185.9
8372,172.8
8373,156.2
8374,142
8375,128.9
8376,116.9
8377,110.3
8378,106.8
8379,100.3
8380,99.1
8381,96
8382,87.1
8383,98.6
8384,108
8385,114.5
8386,119.7
8387,127.7
8388,126
8389,128.7
8390,127.2
8391,125
8392,125.4
8393,128.8
8394,165.9
8395,176.8
8396,168.5
8397,154.6
8398,136.7
8399,121.7
8400,110
8401,104.5
8402,103.6
8403,100.9
8404,97.7
8405,92.2
8406,91.2
8407,109.5
8408,124.9
8409,130.7
8410,137.1
8411,143.9
8412,144.8
8413,152.3
8414,154.9
8415,156.8
8416,156
8417,155
8418,186
8419,203
8420,189
8421,175.1
8422,155.1
8423,135.6
8424,117.4
8425,111.7
8426,109.5
8427,106.1
8428,100.9
8429,100.9
8430,99.6
8431,116.9
8432,132.4
8433,128.1
8434,131.6
8435,136.7
8436,135.8
8437,139.4
8438,144.6
8439,146.3
8440,146.6
8441,148
8442,181.4
8443,191.9
8444,181.8
8445,167.2
8446,149.5
8447,131.4
8448,113.1
8449,107.5
8450,100.8
8451,99.8
8452,98.2
8453,98.7
8454,95.4
8455,116.2
8456,132.9
8457,137.2
8458,138.4
8459,146.4
8460,145
8461,144
8462,134.9
8463,135.3
8464,132.7
8465,132.2
8466,170.3
8467,182.7
8468,170.8
8469,157.8
8470,143.6
8471,124.1
8472,110
8473,103.4
8474,100.3
8475,97.2
8476,93.1
8477,89.3
8478,87.5
8479,108.6
8480,126.1
8481,127.7
8482,132.5
8483,139.6
8484,138.4
8485,141.5
8486,143.5
8487,146.5
8488,144
8489,140.5
8490,177.7
8491,194.7
8492,185.6
8493,169.4
8494,150.8
8495,129.2
8496,113.7
8497,106.7
8498,103.1
8499,99.2
8500,97.1
8501,94.7
8502,91.8
8503,111.2
8504,125.1
8505,132.4
8506,137.3
8507,134
8508,134.6
8509,134.1
8510,135
8511,135.6
8512,132.5
8513,133.1
8514,169.8
8515,182
8516,171.7
8517,158.5
8518,141.8
8519,121.5
8520,109.4
8521,103.8
8522,98.1
8523,93.1
8524,92.3
8525,90.1
8526,86.4
8527,103.6
8528,125.8
8529,126.5
8530,121.1
8531,125.3
8532,127.5
8533,128.1
8534,130.3
8535,129.9
8536,132.2
8537,136.8
8538,170.8
8539,184.7
8540,177.8
8541,165
8542,147.6
8543,128.8
8544,117.7
8545,110
8546,104.1
8547,102
8548,99.5
8549,93.5
8550,86.6
8551,101.7
8552,112.1
8553,117.9
8554,120.6
8555,127.6
8556,132.3
8557,135.4
8558,137.7
8559,136.3
8560,137.2
8561,139.3
8562,173.8
8563,188.9
8564,177.7
8565,160.8
8566,143.9
8567,128.1
8568,114.3
8569,108.8
8570,103.8
8571,102.1
8572,99.1
8573,102.8
8574,96.2
8575,114.7
8576,127.1
8577,132
8578,133.9
8579,134.3
8580,136.8
8581,137.6
8582,137.6
8583,140.1
8584,139.4
8585,143.4
8586,173.9
8587,189.5
8588,181.3
8589,176.6
8590,169.5
8591,157.6
8592,144.5
8593,137.1
8594,130.4
8595,122.7
8596,117.2
8597,109.6
8598,96.3
8599,94
8600,100.8
8601,110
8602,122
8603,126
8604,127.5
8605,128.5
8606,128.3
8607,129.8
8608,125.9
8609,127.1
8610,155.8
8611,172.3
8612,165.6
8613,154.9
8614,139.7
8615,120.9
8616,110.6
8617,105.4
8618,101.5
8619,99.6
8620,98.4
8621,95.7
8622,86.2
8623,104.8
8624,120.5
8625,125.7
8626,136.3
8627,143.4
8628,147.5
8629,139.1
8630,138.4
8631,140.2
8632,134.7
8633,135.4
8634,173.7
8635,186.7
8636,174.9
8637,156.2
8638,136.1
8639,117.7
8640,106.6
8641,103.6
8642,99.4
8643,96.8
8644,95.3
8645,93.6
8646,88.8
8647,111.1
8648,130.3
8649,135.6
8650,128.6
8651,134.9
8652,141
8653,140.4
8654,143.9
8655,142.3
8656,140.6
8657,140.8
8658,174.2
8659,186.8
8660,173.2
8661,156.4
8662,140.8
8663,123.2
8664,109.2
8665,100.7
8666,97.2
8667,96.2
8668,94.2
8669,91.6
8670,92.2
8671,106.3
8672,120.6
8673,129
8674,139.4
8675,146.2
8676,145.8
8677,145.2
8678,150.4
8679,153.4
8680,155.2
8681,159.1
8682,191.9
8683,206.2
8684,193.1
8685,180
8686,166.8
8687,155.9
8688,138.8
8689,123.8
8690,114.3
8691,109.8
8692,106.9
8693,104
8694,94.6
8695,26.7
8696,106.7
8697,113.5
8698,119.3
8699,130.9
8700,134.5
8701,134.9
8702,133.8
8703,133.6
8704,135.9
8705,137
8706,182.2
8707,194
8708,178.6
8709,167.7
8710,155.5
8711,142.4
8712,122.9
8713,114.2
8714,105.9
8715,102.3
8716,98.4
8717,95.1
8718,88.1
8719,104.2
8720,111.5
8721,115.5
8722,123.9
8723,133.7
8724,139
8725,143.4
8726,143.1
8727,146.2
8728,145.4
8729,147.2
8730,182.6
8731,194.1
8732,164.2
8733,147.8
8734,136.9
8735,124.3
8736,111.2
8737,98.9
8738,93.7
8739,92.3
8740,90.4
8741,88.4
8742,80.9
8743,93.7
8744,113.2
8745,139.6
8746,151.9
8747,159.4
8748,159.8
8749,153.2
8750,151.4
8751,149.6
8752,149.1
8753,153
8754,185.9
8755,202.5
8756,192.2
8757,184.5
8758,175.5
8759,165.4
